所属郡,等级,X,Y
西蜀-魏兴郡,10铜,760,1088
西蜀-魏兴郡,10铜,778,1092
西蜀-魏兴郡,10铜,832,1094
西蜀-魏兴郡,9铜,730,942
西蜀-魏兴郡,9铜,735,971
西蜀-魏兴郡,9铜,748,1034
西蜀-魏兴郡,9铜,762,1013
西蜀-魏兴郡,9铜,767,989
西蜀-魏兴郡,9铜,785,1027
西蜀-魏兴郡,9铜,810,1098
西蜀-魏兴郡,9铜,823,1037
西蜀-魏兴郡,9铜,732,1090
西蜀-魏兴郡,9铜,736,992
西蜀-魏兴郡,9铜,760,966
西蜀-魏兴郡,9铜,765,983
西蜀-魏兴郡,9铜,769,1088
西蜀-魏兴郡,9铜,787,1087
西蜀-魏兴郡,9铜,816,1169
西蜀-魏兴郡,9铜,838,1130
西蜀-魏兴郡,9铜,734,1070
西蜀-魏兴郡,9铜,748,1025
西蜀-魏兴郡,9铜,760,1062
西蜀-魏兴郡,9铜,765,1033
西蜀-魏兴郡,9铜,770,1072
西蜀-魏兴郡,9铜,796,1052
西蜀-魏兴郡,9铜,821,1129
西蜀-魏兴郡,8铜,713,971
西蜀-魏兴郡,8铜,720,1032
西蜀-魏兴郡,8铜,724,1041
西蜀-魏兴郡,8铜,727,961
西蜀-魏兴郡,8铜,741,1074
西蜀-魏兴郡,8铜,754,975
西蜀-魏兴郡,8铜,759,1065
西蜀-魏兴郡,8铜,761,1058
西蜀-魏兴郡,8铜,772,1108
西蜀-魏兴郡,8铜,774,974
西蜀-魏兴郡,8铜,779,1062
西蜀-魏兴郡,8铜,782,1010
西蜀-魏兴郡,8铜,787,1006
西蜀-魏兴郡,8铜,791,1082
西蜀-魏兴郡,8铜,796,1027
西蜀-魏兴郡,8铜,797,1133
西蜀-魏兴郡,8铜,719,1011
西蜀-魏兴郡,8铜,722,1005
西蜀-魏兴郡,8铜,725,990
西蜀-魏兴郡,8铜,732,986
西蜀-魏兴郡,8铜,745,1030
西蜀-魏兴郡,8铜,754,997
西蜀-魏兴郡,8铜,759,1071
西蜀-魏兴郡,8铜,764,1022
西蜀-魏兴郡,8铜,773,989
西蜀-魏兴郡,8铜,775,1078
西蜀-魏兴郡,8铜,781,980
西蜀-魏兴郡,8铜,786,1055
西蜀-魏兴郡,8铜,787,1075
西蜀-魏兴郡,8铜,793,1039
西蜀-魏兴郡,8铜,796,1028
西蜀-魏兴郡,8铜,801,1056
西蜀-魏兴郡,8铜,720,937
西蜀-魏兴郡,8铜,723,977
西蜀-魏兴郡,8铜,725,1016
西蜀-魏兴郡,8铜,740,1065
西蜀-魏兴郡,8铜,752,1074
西蜀-魏兴郡,8铜,755,1103
西蜀-魏兴郡,8铜,760,1067
西蜀-魏兴郡,8铜,766,977
西蜀-魏兴郡,8铜,773,1126
西蜀-魏兴郡,8铜,778,1078
西蜀-魏兴郡,8铜,781,994
西蜀-魏兴郡,8铜,786,1088
西蜀-魏兴郡,8铜,791,1079
西蜀-魏兴郡,8铜,794,1116
西蜀-魏兴郡,8铜,797,1089
西蜀-魏兴郡,8铜,801,1074
西蜀-魏兴郡,8铜,802,1048
西蜀-魏兴郡,8铜,803,1106
西蜀-魏兴郡,8铜,810,1046
西蜀-魏兴郡,8铜,811,1085
西蜀-魏兴郡,8铜,825,1114
西蜀-魏兴郡,8铜,843,1135
西蜀-魏兴郡,8铜,807,1119
西蜀-魏兴郡,8铜,816,1164
西蜀-汉中郡,10铜,445,986
西蜀-汉中郡,10铜,512,945
西蜀-汉中郡,10铜,629,1195
西蜀-汉中郡,10铜,681,1216
西蜀-汉中郡,10铜,701,1066
西蜀-汉中郡,10铜,737,1290
西蜀-汉中郡,10铜,475,944
西蜀-汉中郡,10铜,565,1066
西蜀-汉中郡,10铜,652,1017
西蜀-汉中郡,10铜,688,1188
西蜀-汉中郡,10铜,702,1039
西蜀-汉中郡,10铜,740,1263
西蜀-汉中郡,10铜,761,1209
西蜀-汉中郡,10铜,490,1036
西蜀-汉中郡,10铜,617,1095
西蜀-汉中郡,10铜,666,1029
西蜀-汉中郡,10铜,692,1172
西蜀-汉中郡,10铜,706,1005
西蜀-汉中郡,10铜,743,1261
西蜀-汉中郡,9铜,410,929
西蜀-汉中郡,9铜,422,954
西蜀-汉中郡,9铜,439,974
西蜀-汉中郡,9铜,437,963
西蜀-汉中郡,9铜,462,1016
西蜀-汉中郡,9铜,467,907
西蜀-汉中郡,9铜,474,1028
西蜀-汉中郡,9铜,481,987
西蜀-汉中郡,9铜,500,991
西蜀-汉中郡,9铜,503,1001
西蜀-汉中郡,9铜,511,994
西蜀-汉中郡,9铜,515,982
西蜀-汉中郡,9铜,527,1020
西蜀-汉中郡,9铜,530,980
西蜀-汉中郡,9铜,568,977
西蜀-汉中郡,9铜,571,1046
西蜀-汉中郡,9铜,577,1075
西蜀-汉中郡,9铜,576,1010
西蜀-汉中郡,9铜,589,1060
西蜀-汉中郡,9铜,599,1020
西蜀-汉中郡,9铜,607,999
西蜀-汉中郡,9铜,619,1082
西蜀-汉中郡,9铜,628,1134
西蜀-汉中郡,9铜,628,1223
西蜀-汉中郡,9铜,644,1213
西蜀-汉中郡,9铜,648,1164
西蜀-汉中郡,9铜,654,1002
西蜀-汉中郡,9铜,654,1114
西蜀-汉中郡,9铜,661,1034
西蜀-汉中郡,9铜,659,1023
西蜀-汉中郡,9铜,664,1237
西蜀-汉中郡,9铜,665,1013
西蜀-汉中郡,9铜,433,976
西蜀-汉中郡,9铜,440,984
西蜀-汉中郡,9铜,474,979
西蜀-汉中郡,9铜,497,948
西蜀-汉中郡,9铜,507,1023
西蜀-汉中郡,9铜,523,945
西蜀-汉中郡,9铜,557,1017
西蜀-汉中郡,9铜,575,1002
西蜀-汉中郡,9铜,585,979
西蜀-汉中郡,9铜,605,1003
西蜀-汉中郡,9铜,628,1071
西蜀-汉中郡,9铜,634,1127
西蜀-汉中郡,9铜,652,1169
西蜀-汉中郡,9铜,658,1023
西蜀-汉中郡,9铜,663,1140
西蜀-汉中郡,9铜,665,1113
西蜀-汉中郡,9铜,666,1075
西蜀-汉中郡,9铜,668,1005
西蜀-汉中郡,9铜,676,1090
西蜀-汉中郡,9铜,689,1149
西蜀-汉中郡,9铜,693,1198
西蜀-汉中郡,9铜,702,1119
西蜀-汉中郡,9铜,710,1173
西蜀-汉中郡,9铜,724,1301
西蜀-汉中郡,9铜,741,1153
西蜀-汉中郡,9铜,749,1292
西蜀-汉中郡,9铜,758,1164
西蜀-汉中郡,9铜,760,1236
西蜀-汉中郡,9铜,790,1175
西蜀-汉中郡,9铜,666,1202
西蜀-汉中郡,9铜,670,1112
西蜀-汉中郡,9铜,678,1088
西蜀-汉中郡,9铜,690,1192
西蜀-汉中郡,9铜,694,1211
西蜀-汉中郡,9铜,703,1269
西蜀-汉中郡,9铜,711,1163
西蜀-汉中郡,9铜,727,1137
西蜀-汉中郡,9铜,743,1137
西蜀-汉中郡,9铜,751,1257
西蜀-汉中郡,9铜,758,1172
西蜀-汉中郡,9铜,776,1266
西蜀-汉中郡,9铜,814,1233
西蜀-汉中郡,9铜,668,997
西蜀-汉中郡,9铜,674,991
西蜀-汉中郡,9铜,689,1094
西蜀-汉中郡,9铜,692,1037
西蜀-汉中郡,9铜,697,1018
西蜀-汉中郡,9铜,706,1032
西蜀-汉中郡,9铜,724,1229
西蜀-汉中郡,9铜,729,1271
西蜀-汉中郡,9铜,748,1220
西蜀-汉中郡,9铜,754,1130
西蜀-汉中郡,9铜,758,1257
西蜀-汉中郡,9铜,789,1247
西蜀-汉中郡,8铜,414,965
西蜀-汉中郡,8铜,416,927
西蜀-汉中郡,8铜,421,951
西蜀-汉中郡,8铜,419,940
西蜀-汉中郡,8铜,428,937
西蜀-汉中郡,8铜,430,984
西蜀-汉中郡,8铜,435,957
西蜀-汉中郡,8铜,437,929
西蜀-汉中郡,8铜,447,1001
西蜀-汉中郡,8铜,447,971
西蜀-汉中郡,8铜,450,1015
西蜀-汉中郡,8铜,450,895
西蜀-汉中郡,8铜,457,1022
西蜀-汉中郡,8铜,461,958
西蜀-汉中郡,8铜,467,897
西蜀-汉中郡,8铜,468,991
西蜀-汉中郡,8铜,471,907
西蜀-汉中郡,8铜,471,967
西蜀-汉中郡,8铜,477,960
西蜀-汉中郡,8铜,478,1005
西蜀-汉中郡,8铜,490,972
西蜀-汉中郡,8铜,499,988
西蜀-汉中郡,8铜,504,948
西蜀-汉中郡,8铜,506,1032
西蜀-汉中郡,8铜,514,1035
西蜀-汉中郡,8铜,518,1029
西蜀-汉中郡,8铜,520,1036
西蜀-汉中郡,8铜,527,981
西蜀-汉中郡,8铜,531,968
西蜀-汉中郡,8铜,529,942
西蜀-汉中郡,8铜,533,975
西蜀-汉中郡,8铜,533,956
西蜀-汉中郡,8铜,419,938
西蜀-汉中郡,8铜,425,971
西蜀-汉中郡,8铜,432,953
西蜀-汉中郡,8铜,443,935
西蜀-汉中郡,8铜,448,950
西蜀-汉中郡,8铜,453,984
西蜀-汉中郡,8铜,462,989
西蜀-汉中郡,8铜,469,1022
西蜀-汉中郡,8铜,472,913
西蜀-汉中郡,8铜,490,942
西蜀-汉中郡,8铜,501,1015
西蜀-汉中郡,8铜,513,1027
西蜀-汉中郡,8铜,520,1003
西蜀-汉中郡,8铜,527,1047
西蜀-汉中郡,8铜,531,1047
西蜀-汉中郡,8铜,536,961
西蜀-汉中郡,8铜,539,936
西蜀-汉中郡,8铜,542,1041
西蜀-汉中郡,8铜,543,1023
西蜀-汉中郡,8铜,544,1014
西蜀-汉中郡,8铜,545,1056
西蜀-汉中郡,8铜,551,1025
西蜀-汉中郡,8铜,552,965
西蜀-汉中郡,8铜,553,997
西蜀-汉中郡,8铜,555,969
西蜀-汉中郡,8铜,555,995
西蜀-汉中郡,8铜,557,990
西蜀-汉中郡,8铜,558,1039
西蜀-汉中郡,8铜,565,988
西蜀-汉中郡,8铜,565,1018
西蜀-汉中郡,8铜,572,1018
西蜀-汉中郡,8铜,573,1041
西蜀-汉中郡,8铜,574,1029
西蜀-汉中郡,8铜,581,1000
西蜀-汉中郡,8铜,588,997
西蜀-汉中郡,8铜,588,1057
西蜀-汉中郡,8铜,592,998
西蜀-汉中郡,8铜,593,1053
西蜀-汉中郡,8铜,599,979
西蜀-汉中郡,8铜,599,1049
西蜀-汉中郡,8铜,600,985
西蜀-汉中郡,8铜,602,1064
西蜀-汉中郡,8铜,604,1076
西蜀-汉中郡,8铜,608,1067
西蜀-汉中郡,8铜,609,1057
西蜀-汉中郡,8铜,610,1125
西蜀-汉中郡,8铜,543,1004
西蜀-汉中郡,8铜,545,1017
西蜀-汉中郡,8铜,551,1027
西蜀-汉中郡,8铜,553,1004
西蜀-汉中郡,8铜,556,1053
西蜀-汉中郡,8铜,560,1031
西蜀-汉中郡,8铜,572,996
西蜀-汉中郡,8铜,574,1008
西蜀-汉中郡,8铜,582,1002
西蜀-汉中郡,8铜,590,1008
西蜀-汉中郡,8铜,596,965
西蜀-汉中郡,8铜,599,1054
西蜀-汉中郡,8铜,603,1035
西蜀-汉中郡,8铜,609,1043
西蜀-汉中郡,8铜,612,981
西蜀-汉中郡,8铜,615,1002
西蜀-汉中郡,8铜,618,1008
西蜀-汉中郡,8铜,625,1201
西蜀-汉中郡,8铜,631,1087
西蜀-汉中郡,8铜,633,980
西蜀-汉中郡,8铜,637,1065
西蜀-汉中郡,8铜,638,1102
西蜀-汉中郡,8铜,638,1236
西蜀-汉中郡,8铜,640,1157
西蜀-汉中郡,8铜,644,1161
西蜀-汉中郡,8铜,651,1238
西蜀-汉中郡,8铜,653,1220
西蜀-汉中郡,8铜,658,1168
西蜀-汉中郡,8铜,664,1229
西蜀-汉中郡,8铜,667,965
西蜀-汉中郡,8铜,668,1228
西蜀-汉中郡,8铜,616,1044
西蜀-汉中郡,8铜,618,1091
西蜀-汉中郡,8铜,628,1070
西蜀-汉中郡,8铜,632,1041
西蜀-汉中郡,8铜,633,1192
西蜀-汉中郡,8铜,638,1012
西蜀-汉中郡,8铜,638,1114
西蜀-汉中郡,8铜,639,1100
西蜀-汉中郡,8铜,643,1075
西蜀-汉中郡,8铜,645,985
西蜀-汉中郡,8铜,652,1195
西蜀-汉中郡,8铜,654,987
西蜀-汉中郡,8铜,663,1089
西蜀-汉中郡,8铜,665,963
西蜀-汉中郡,8铜,667,997
西蜀-汉中郡,8铜,669,982
西蜀-汉中郡,8铜,616,1113
西蜀-汉中郡,8铜,621,1089
西蜀-汉中郡,8铜,630,1140
西蜀-汉中郡,8铜,632,1050
西蜀-汉中郡,8铜,636,1105
西蜀-汉中郡,8铜,638,1100
西蜀-汉中郡,8铜,638,1132
西蜀-汉中郡,8铜,640,1056
西蜀-汉中郡,8铜,644,1014
西蜀-汉中郡,8铜,651,1077
西蜀-汉中郡,8铜,652,1239
西蜀-汉中郡,8铜,654,1100
西蜀-汉中郡,8铜,663,1204
西蜀-汉中郡,8铜,666,1135
西蜀-汉中郡,8铜,668,1013
西蜀-汉中郡,8铜,670,963
西蜀-汉中郡,8铜,671,968
西蜀-汉中郡,8铜,675,1101
西蜀-汉中郡,8铜,676,1077
西蜀-汉中郡,8铜,681,1174
西蜀-汉中郡,8铜,681,1224
西蜀-汉中郡,8铜,684,1108
西蜀-汉中郡,8铜,686,1194
西蜀-汉中郡,8铜,697,1096
西蜀-汉中郡,8铜,698,1017
西蜀-汉中郡,8铜,699,985
西蜀-汉中郡,8铜,701,1125
西蜀-汉中郡,8铜,702,1083
西蜀-汉中郡,8铜,702,1178
西蜀-汉中郡,8铜,702,1245
西蜀-汉中郡,8铜,704,1037
西蜀-汉中郡,8铜,705,1185
西蜀-汉中郡,8铜,707,1071
西蜀-汉中郡,8铜,708,1118
西蜀-汉中郡,8铜,713,982
西蜀-汉中郡,8铜,714,1046
西蜀-汉中郡,8铜,715,985
西蜀-汉中郡,8铜,718,1257
西蜀-汉中郡,8铜,720,1196
西蜀-汉中郡,8铜,722,1087
西蜀-汉中郡,8铜,723,1202
西蜀-汉中郡,8铜,725,1076
西蜀-汉中郡,8铜,725,1117
西蜀-汉中郡,8铜,725,1151
西蜀-汉中郡,8铜,727,1301
西蜀-汉中郡,8铜,728,1279
西蜀-汉中郡,8铜,671,1246
西蜀-汉中郡,8铜,729,1121
西蜀-汉中郡,8铜,674,1004
西蜀-汉中郡,8铜,681,1128
西蜀-汉中郡,8铜,682,1104
西蜀-汉中郡,8铜,688,994
西蜀-汉中郡,8铜,698,1119
西蜀-汉中郡,8铜,702,975
西蜀-汉中郡,8铜,702,1194
西蜀-汉中郡,8铜,704,1268
西蜀-汉中郡,8铜,707,1267
西蜀-汉中郡,8铜,713,1223
西蜀-汉中郡,8铜,718,1054
西蜀-汉中郡,8铜,721,1271
西蜀-汉中郡,8铜,724,1097
西蜀-汉中郡,8铜,725,1145
西蜀-汉中郡,8铜,728,1110
西蜀-汉中郡,8铜,729,1186
西蜀-汉中郡,8铜,730,1222
西蜀-汉中郡,8铜,732,1241
西蜀-汉中郡,8铜,739,1287
西蜀-汉中郡,8铜,744,1158
西蜀-汉中郡,8铜,748,1136
西蜀-汉中郡,8铜,752,1194
西蜀-汉中郡,8铜,754,1161
西蜀-汉中郡,8铜,768,1197
西蜀-汉中郡,8铜,773,1214
西蜀-汉中郡,8铜,784,1201
西蜀-汉中郡,8铜,788,1198
西蜀-汉中郡,8铜,796,1187
西蜀-汉中郡,8铜,803,1222
西蜀-汉中郡,8铜,731,1113
西蜀-汉中郡,8铜,738,1214
西蜀-汉中郡,8铜,742,1230
西蜀-汉中郡,8铜,747,1142
西蜀-汉中郡,8铜,748,1226
西蜀-汉中郡,8铜,753,1143
西蜀-汉中郡,8铜,755,1216
西蜀-汉中郡,8铜,768,1219
西蜀-汉中郡,8铜,776,1201
西蜀-汉中郡,8铜,784,1261
西蜀-汉中郡,8铜,788,1222
西蜀-汉中郡,8铜,797,1214
西蜀-汉中郡,8铜,811,1199
西蜀-汉中郡,8铜,829,1219
西蜀-汉中郡,8铜,732,1165
西蜀-汉中郡,8铜,739,1205
西蜀-汉中郡,8铜,742,1271
西蜀-汉中郡,8铜,747,1290
西蜀-汉中郡,8铜,750,1293
西蜀-汉中郡,8铜,753,1264
西蜀-汉中郡,8铜,760,1221
西蜀-汉中郡,8铜,768,1285
西蜀-汉中郡,8铜,782,1143
西蜀-汉中郡,8铜,787,1253
西蜀-汉中郡,8铜,792,1232
西蜀-汉中郡,8铜,800,1231
西蜀-汉中郡,8铜,826,1220
西蜀-扶风郡,10铜,509,827
西蜀-扶风郡,10铜,587,943
西蜀-扶风郡,10铜,655,916
西蜀-扶风郡,10铜,540,899
西蜀-扶风郡,10铜,592,918
西蜀-扶风郡,10铜,559,842
西蜀-扶风郡,10铜,619,909
西蜀-扶风郡,9铜,493,866
西蜀-扶风郡,9铜,511,828
西蜀-扶风郡,9铜,519,826
西蜀-扶风郡,9铜,525,829
西蜀-扶风郡,9铜,547,918
西蜀-扶风郡,9铜,556,861
西蜀-扶风郡,9铜,576,909
西蜀-扶风郡,9铜,586,890
西蜀-扶风郡,9铜,607,902
西蜀-扶风郡,9铜,619,951
西蜀-扶风郡,9铜,637,957
西蜀-扶风郡,9铜,677,939
西蜀-扶风郡,9铜,499,907
西蜀-扶风郡,9铜,515,921
西蜀-扶风郡,9铜,520,897
西蜀-扶风郡,9铜,530,855
西蜀-扶风郡,9铜,551,877
西蜀-扶风郡,9铜,565,918
西蜀-扶风郡,9铜,579,858
西蜀-扶风郡,9铜,591,928
西蜀-扶风郡,9铜,609,921
西蜀-扶风郡,9铜,627,905
西蜀-扶风郡,9铜,643,923
西蜀-扶风郡,9铜,506,875
西蜀-扶风郡,9铜,517,820
西蜀-扶风郡,9铜,524,824
西蜀-扶风郡,9铜,546,841
西蜀-扶风郡,9铜,554,912
西蜀-扶风郡,9铜,574,924
西蜀-扶风郡,9铜,584,866
西蜀-扶风郡,9铜,596,891
西蜀-扶风郡,9铜,614,911
西蜀-扶风郡,9铜,631,895
西蜀-扶风郡,9铜,653,912
西蜀-扶风郡,8铜,465,875
西蜀-扶风郡,8铜,489,878
西蜀-扶风郡,8铜,500,900
西蜀-扶风郡,8铜,502,913
西蜀-扶风郡,8铜,520,826
西蜀-扶风郡,8铜,527,855
西蜀-扶风郡,8铜,528,883
西蜀-扶风郡,8铜,530,828
西蜀-扶风郡,8铜,538,855
西蜀-扶风郡,8铜,552,925
西蜀-扶风郡,8铜,560,908
西蜀-扶风郡,8铜,564,914
西蜀-扶风郡,8铜,567,874
西蜀-扶风郡,8铜,577,874
西蜀-扶风郡,8铜,579,907
西蜀-扶风郡,8铜,584,926
西蜀-扶风郡,8铜,467,877
西蜀-扶风郡,8铜,494,869
西蜀-扶风郡,8铜,500,902
西蜀-扶风郡,8铜,508,879
西蜀-扶风郡,8铜,522,864
西蜀-扶风郡,8铜,528,872
西蜀-扶风郡,8铜,528,908
西蜀-扶风郡,8铜,531,831
西蜀-扶风郡,8铜,538,879
西蜀-扶风郡,8铜,554,842
西蜀-扶风郡,8铜,561,838
西蜀-扶风郡,8铜,565,877
西蜀-扶风郡,8铜,567,894
西蜀-扶风郡,8铜,577,900
西蜀-扶风郡,8铜,580,943
西蜀-扶风郡,8铜,585,853
西蜀-扶风郡,8铜,486,883
西蜀-扶风郡,8铜,496,872
西蜀-扶风郡,8铜,501,862
西蜀-扶风郡,8铜,509,889
西蜀-扶风郡,8铜,523,921
西蜀-扶风郡,8铜,528,877
西蜀-扶风郡,8铜,529,849
西蜀-扶风郡,8铜,535,825
西蜀-扶风郡,8铜,545,834
西蜀-扶风郡,8铜,559,839
西蜀-扶风郡,8铜,561,895
西蜀-扶风郡,8铜,566,914
西蜀-扶风郡,8铜,570,924
西蜀-扶风郡,8铜,579,896
西蜀-扶风郡,8铜,582,878
西蜀-扶风郡,8铜,588,878
西蜀-扶风郡,8铜,590,851
西蜀-扶风郡,8铜,592,869
西蜀-扶风郡,8铜,596,874
西蜀-扶风郡,8铜,599,941
西蜀-扶风郡,8铜,607,948
西蜀-扶风郡,8铜,610,949
西蜀-扶风郡,8铜,626,893
西蜀-扶风郡,8铜,634,942
西蜀-扶风郡,8铜,640,934
西蜀-扶风郡,8铜,656,926
西蜀-扶风郡,8铜,679,913
西蜀-扶风郡,8铜,692,936
西蜀-扶风郡,8铜,590,904
西蜀-扶风郡,8铜,594,882
西蜀-扶风郡,8铜,599,891
西蜀-扶风郡,8铜,603,886
西蜀-扶风郡,8铜,608,909
西蜀-扶风郡,8铜,611,914
西蜀-扶风郡,8铜,628,921
西蜀-扶风郡,8铜,635,902
西蜀-扶风郡,8铜,652,940
西蜀-扶风郡,8铜,658,906
西蜀-扶风郡,8铜,682,921
西蜀-扶风郡,8铜,592,851
西蜀-扶风郡,8铜,595,887
西蜀-扶风郡,8铜,599,904
西蜀-扶风郡,8铜,606,872
西蜀-扶风郡,8铜,609,869
西蜀-扶风郡,8铜,612,943
西蜀-扶风郡,8铜,633,897
西蜀-扶风郡,8铜,639,956
西蜀-扶风郡,8铜,656,921
西蜀-扶风郡,8铜,675,913
西蜀-扶风郡,8铜,689,940
西蜀-梓潼郡,10铜,345,1183
西蜀-梓潼郡,10铜,424,1133
西蜀-梓潼郡,10铜,454,1151
西蜀-梓潼郡,10铜,471,1216
西蜀-梓潼郡,10铜,487,1226
西蜀-梓潼郡,10铜,509,1219
西蜀-梓潼郡,10铜,542,1242
西蜀-梓潼郡,10铜,561,1223
西蜀-梓潼郡,10铜,590,1209
西蜀-梓潼郡,10铜,613,1226
西蜀-梓潼郡,10铜,401,1186
西蜀-梓潼郡,10铜,453,1146
西蜀-梓潼郡,10铜,460,1272
西蜀-梓潼郡,10铜,477,1175
西蜀-梓潼郡,10铜,496,1259
西蜀-梓潼郡,10铜,524,1249
西蜀-梓潼郡,10铜,549,1168
西蜀-梓潼郡,10铜,568,1214
西蜀-梓潼郡,10铜,606,1137
西蜀-梓潼郡,10铜,402,1180
西蜀-梓潼郡,10铜,453,1192
西蜀-梓潼郡,10铜,469,1232
西蜀-梓潼郡,10铜,479,1151
西蜀-梓潼郡,10铜,505,1123
西蜀-梓潼郡,10铜,538,1135
西蜀-梓潼郡,10铜,550,1194
西蜀-梓潼郡,10铜,576,1198
西蜀-梓潼郡,10铜,613,1179
西蜀-梓潼郡,9铜,330,1235
西蜀-梓潼郡,9铜,359,1251
西蜀-梓潼郡,9铜,378,1163
西蜀-梓潼郡,9铜,397,1232
西蜀-梓潼郡,9铜,407,1146
西蜀-梓潼郡,9铜,410,1131
西蜀-梓潼郡,9铜,428,1253
西蜀-梓潼郡,9铜,429,1290
西蜀-梓潼郡,9铜,433,1109
西蜀-梓潼郡,9铜,460,1271
西蜀-梓潼郡,9铜,478,1120
西蜀-梓潼郡,9铜,499,1154
西蜀-梓潼郡,9铜,512,1104
西蜀-梓潼郡,9铜,522,1107
西蜀-梓潼郡,9铜,547,1084
西蜀-梓潼郡,9铜,554,1148
西蜀-梓潼郡,9铜,346,1186
西蜀-梓潼郡,9铜,360,1167
西蜀-梓潼郡,9铜,380,1268
西蜀-梓潼郡,9铜,400,1144
西蜀-梓潼郡,9铜,407,1158
西蜀-梓潼郡,9铜,411,1212
西蜀-梓潼郡,9铜,429,1233
西蜀-梓潼郡,9铜,430,1212
西蜀-梓潼郡,9铜,440,1144
西蜀-梓潼郡,9铜,468,1187
西蜀-梓潼郡,9铜,486,1171
西蜀-梓潼郡,9铜,502,1150
西蜀-梓潼郡,9铜,519,1202
西蜀-梓潼郡,9铜,526,1203
西蜀-梓潼郡,9铜,551,1170
西蜀-梓潼郡,9铜,564,1109
西蜀-梓潼郡,9铜,359,1166
西蜀-梓潼郡,9铜,362,1234
西蜀-梓潼郡,9铜,391,1208
西蜀-梓潼郡,9铜,405,1164
西蜀-梓潼郡,9铜,409,1189
西蜀-梓潼郡,9铜,428,1135
西蜀-梓潼郡,9铜,429,1279
西蜀-梓潼郡,9铜,432,1179
西蜀-梓潼郡,9铜,445,1131
西蜀-梓潼郡,9铜,476,1268
西蜀-梓潼郡,9铜,498,1194
西蜀-梓潼郡,9铜,509,1153
西蜀-梓潼郡,9铜,521,1176
西蜀-梓潼郡,9铜,531,1150
西蜀-梓潼郡,9铜,552,1220
西蜀-梓潼郡,9铜,566,1167
西蜀-梓潼郡,9铜,566,1187
西蜀-梓潼郡,9铜,581,1131
西蜀-梓潼郡,9铜,587,1159
西蜀-梓潼郡,9铜,573,1139
西蜀-梓潼郡,9铜,581,1227
西蜀-梓潼郡,9铜,604,1147
西蜀-梓潼郡,9铜,578,1164
西蜀-梓潼郡,9铜,581,1257
西蜀-梓潼郡,9铜,606,1252
西蜀-梓潼郡,9铜,611,1183
西蜀-梓潼郡,8铜,326,1243
西蜀-梓潼郡,8铜,340,1185
西蜀-梓潼郡,8铜,346,1208
西蜀-梓潼郡,8铜,353,1246
西蜀-梓潼郡,8铜,360,1243
西蜀-梓潼郡,8铜,375,1212
西蜀-梓潼郡,8铜,378,1186
西蜀-梓潼郡,8铜,386,1231
西蜀-梓潼郡,8铜,388,1196
西蜀-梓潼郡,8铜,393,1210
西蜀-梓潼郡,8铜,414,1136
西蜀-梓潼郡,8铜,426,1150
西蜀-梓潼郡,8铜,430,1234
西蜀-梓潼郡,8铜,437,1229
西蜀-梓潼郡,8铜,442,1251
西蜀-梓潼郡,8铜,445,1202
西蜀-梓潼郡,8铜,331,1260
西蜀-梓潼郡,8铜,345,1254
西蜀-梓潼郡,8铜,347,1208
西蜀-梓潼郡,8铜,355,1243
西蜀-梓潼郡,8铜,364,1284
西蜀-梓潼郡,8铜,375,1270
西蜀-梓潼郡,8铜,378,1286
西蜀-梓潼郡,8铜,386,1240
西蜀-梓潼郡,8铜,390,1239
西蜀-梓潼郡,8铜,397,1276
西蜀-梓潼郡,8铜,414,1138
西蜀-梓潼郡,8铜,426,1166
西蜀-梓潼郡,8铜,431,1245
西蜀-梓潼郡,8铜,438,1186
西蜀-梓潼郡,8铜,445,1142
西蜀-梓潼郡,8铜,445,1224
西蜀-梓潼郡,8铜,337,1262
西蜀-梓潼郡,8铜,345,1265
西蜀-梓潼郡,8铜,350,1259
西蜀-梓潼郡,8铜,358,1203
西蜀-梓潼郡,8铜,367,1242
西蜀-梓潼郡,8铜,378,1184
西蜀-梓潼郡,8铜,381,1195
西蜀-梓潼郡,8铜,386,1245
西蜀-梓潼郡,8铜,390,1255
西蜀-梓潼郡,8铜,408,1282
西蜀-梓潼郡,8铜,424,1277
西蜀-梓潼郡,8铜,429,1162
西蜀-梓潼郡,8铜,437,1129
西蜀-梓潼郡,8铜,441,1160
西蜀-梓潼郡,8铜,445,1162
西蜀-梓潼郡,8铜,447,1180
西蜀-梓潼郡,8铜,447,1259
西蜀-梓潼郡,8铜,454,1205
西蜀-梓潼郡,8铜,456,1228
西蜀-梓潼郡,8铜,460,1267
西蜀-梓潼郡,8铜,466,1176
西蜀-梓潼郡,8铜,469,1217
西蜀-梓潼郡,8铜,481,1165
西蜀-梓潼郡,8铜,489,1118
西蜀-梓潼郡,8铜,490,1128
西蜀-梓潼郡,8铜,499,1137
西蜀-梓潼郡,8铜,502,1151
西蜀-梓潼郡,8铜,505,1187
西蜀-梓潼郡,8铜,516,1130
西蜀-梓潼郡,8铜,517,1106
西蜀-梓潼郡,8铜,524,1221
西蜀-梓潼郡,8铜,448,1171
西蜀-梓潼郡,8铜,454,1249
西蜀-梓潼郡,8铜,458,1267
西蜀-梓潼郡,8铜,461,1141
西蜀-梓潼郡,8铜,467,1172
西蜀-梓潼郡,8铜,473,1172
西蜀-梓潼郡,8铜,484,1146
西蜀-梓潼郡,8铜,489,1244
西蜀-梓潼郡,8铜,491,1161
西蜀-梓潼郡,8铜,499,1155
西蜀-梓潼郡,8铜,503,1180
西蜀-梓潼郡,8铜,507,1263
西蜀-梓潼郡,8铜,516,1174
西蜀-梓潼郡,8铜,517,1251
西蜀-梓潼郡,8铜,528,1246
西蜀-梓潼郡,8铜,454,1130
西蜀-梓潼郡,8铜,455,1263
西蜀-梓潼郡,8铜,460,1260
西蜀-梓潼郡,8铜,463,1235
西蜀-梓潼郡,8铜,469,1215
西蜀-梓潼郡,8铜,474,1251
西蜀-梓潼郡,8铜,486,1245
西蜀-梓潼郡,8铜,489,1261
西蜀-梓潼郡,8铜,492,1245
西蜀-梓潼郡,8铜,501,1177
西蜀-梓潼郡,8铜,503,1195
西蜀-梓潼郡,8铜,511,1131
西蜀-梓潼郡,8铜,516,1219
西蜀-梓潼郡,8铜,521,1217
西蜀-梓潼郡,8铜,530,1173
西蜀-梓潼郡,8铜,530,1192
西蜀-梓潼郡,8铜,539,1109
西蜀-梓潼郡,8铜,551,1252
西蜀-梓潼郡,8铜,554,1124
西蜀-梓潼郡,8铜,558,1237
西蜀-梓潼郡,8铜,566,1151
西蜀-梓潼郡,8铜,567,1111
西蜀-梓潼郡,8铜,575,1225
西蜀-梓潼郡,8铜,578,1119
西蜀-梓潼郡,8铜,587,1157
西蜀-梓潼郡,8铜,592,1162
西蜀-梓潼郡,8铜,603,1244
西蜀-梓潼郡,8铜,607,1210
西蜀-梓潼郡,8铜,616,1147
西蜀-梓潼郡,8铜,533,1127
西蜀-梓潼郡,8铜,543,1135
西蜀-梓潼郡,8铜,553,1134
西蜀-梓潼郡,8铜,556,1130
西蜀-梓潼郡,8铜,560,1149
西蜀-梓潼郡,8铜,566,1168
西蜀-梓潼郡,8铜,567,1120
西蜀-梓潼郡,8铜,576,1132
西蜀-梓潼郡,8铜,581,1113
西蜀-梓潼郡,8铜,587,1249
西蜀-梓潼郡,8铜,598,1146
西蜀-梓潼郡,8铜,605,1202
西蜀-梓潼郡,8铜,611,1242
西蜀-梓潼郡,8铜,619,1159
西蜀-梓潼郡,8铜,536,1255
西蜀-梓潼郡,8铜,544,1157
西蜀-梓潼郡,8铜,553,1148
西蜀-梓潼郡,8铜,558,1233
西蜀-梓潼郡,8铜,562,1123
西蜀-梓潼郡,8铜,566,1221
西蜀-梓潼郡,8铜,574,1117
西蜀-梓潼郡,8铜,577,1170
西蜀-梓潼郡,8铜,581,1199
西蜀-梓潼郡,8铜,590,1226
西蜀-梓潼郡,8铜,602,1237
西蜀-梓潼郡,8铜,605,1206
西蜀-梓潼郡,8铜,614,1193
西蜀-梓潼郡,8铜,620,1161
西蜀-武都郡,10铜,224,1098
西蜀-武都郡,10铜,277,1064
西蜀-武都郡,10铜,317,1156
西蜀-武都郡,10铜,369,1126
西蜀-武都郡,10铜,271,1083
西蜀-武都郡,10铜,304,1129
西蜀-武都郡,10铜,327,1077
西蜀-武都郡,10铜,392,1128
西蜀-武都郡,10铜,276,1160
西蜀-武都郡,10铜,308,1097
西蜀-武都郡,10铜,356,1049
西蜀-武都郡,9铜,228,1087
西蜀-武都郡,9铜,250,1020
西蜀-武都郡,9铜,261,1124
西蜀-武都郡,9铜,266,994
西蜀-武都郡,9铜,274,1164
西蜀-武都郡,9铜,278,1198
西蜀-武都郡,9铜,285,1062
西蜀-武都郡,9铜,299,1054
西蜀-武都郡,9铜,329,998
西蜀-武都郡,9铜,348,1054
西蜀-武都郡,9铜,376,1139
西蜀-武都郡,9铜,387,1101
西蜀-武都郡,9铜,403,1053
西蜀-武都郡,9铜,419,1027
西蜀-武都郡,9铜,436,1101
西蜀-武都郡,9铜,460,1048
西蜀-武都郡,9铜,238,1144
西蜀-武都郡,9铜,260,1118
西蜀-武都郡,9铜,263,1031
西蜀-武都郡,9铜,266,1157
西蜀-武都郡,9铜,277,1145
西蜀-武都郡,9铜,280,1163
西蜀-武都郡,9铜,285,1114
西蜀-武都郡,9铜,310,1036
西蜀-武都郡,9铜,336,1069
西蜀-武都郡,9铜,350,1014
西蜀-武都郡,9铜,378,1015
西蜀-武都郡,9铜,396,1133
西蜀-武都郡,9铜,414,1096
西蜀-武都郡,9铜,421,1021
西蜀-武都郡,9铜,450,1029
西蜀-武都郡,9铜,466,1084
西蜀-武都郡,9铜,239,1076
西蜀-武都郡,9铜,261,1042
西蜀-武都郡,9铜,264,1051
西蜀-武都郡,9铜,272,1182
西蜀-武都郡,9铜,278,1070
西蜀-武都郡,9铜,281,1007
西蜀-武都郡,9铜,291,1006
西蜀-武都郡,9铜,315,1115
西蜀-武都郡,9铜,345,1091
西蜀-武都郡,9铜,363,1072
西蜀-武都郡,9铜,386,1120
西蜀-武都郡,9铜,402,1044
西蜀-武都郡,9铜,418,1086
西蜀-武都郡,9铜,436,1032
西蜀-武都郡,9铜,454,1076
西蜀-武都郡,9铜,475,1113
西蜀-武都郡,9铜,477,1055
西蜀-武都郡,9铜,504,1061
西蜀-武都郡,9铜,480,1094
西蜀-武都郡,9铜,531,1086
西蜀-武都郡,9铜,483,1096
西蜀-武都郡,9铜,533,1070
西蜀-武都郡,8铜,211,1116
西蜀-武都郡,8铜,222,1105
西蜀-武都郡,8铜,227,1123
西蜀-武都郡,8铜,233,1052
西蜀-武都郡,8铜,238,1113
西蜀-武都郡,8铜,242,1043
西蜀-武都郡,8铜,251,1056
西蜀-武都郡,8铜,254,996
西蜀-武都郡,8铜,257,1040
西蜀-武都郡,8铜,262,1023
西蜀-武都郡,8铜,267,1064
西蜀-武都郡,8铜,268,1163
西蜀-武都郡,8铜,275,1102
西蜀-武都郡,8铜,278,1085
西蜀-武都郡,8铜,283,1146
西蜀-武都郡,8铜,292,1082
西蜀-武都郡,8铜,216,1105
西蜀-武都郡,8铜,224,1121
西蜀-武都郡,8铜,228,1102
西蜀-武都郡,8铜,236,1133
西蜀-武都郡,8铜,241,1030
西蜀-武都郡,8铜,247,1193
西蜀-武都郡,8铜,251,1196
西蜀-武都郡,8铜,254,1025
西蜀-武都郡,8铜,257,1163
西蜀-武都郡,8铜,263,996
西蜀-武都郡,8铜,267,1165
西蜀-武都郡,8铜,274,1145
西蜀-武都郡,8铜,276,1076
西蜀-武都郡,8铜,280,1200
西蜀-武都郡,8铜,288,1074
西蜀-武都郡,8铜,294,1155
西蜀-武都郡,8铜,222,1104
西蜀-武都郡,8铜,225,1129
西蜀-武都郡,8铜,229,1103
西蜀-武都郡,8铜,237,1079
西蜀-武都郡,8铜,241,1123
西蜀-武都郡,8铜,247,1198
西蜀-武都郡,8铜,251,1198
西蜀-武都郡,8铜,255,1069
西蜀-武都郡,8铜,261,1062
西蜀-武都郡,8铜,266,1119
西蜀-武都郡,8铜,267,1199
西蜀-武都郡,8铜,274,1176
西蜀-武都郡,8铜,277,1007
西蜀-武都郡,8铜,283,1109
西蜀-武都郡,8铜,289,1185
西蜀-武都郡,8铜,295,993
西蜀-武都郡,8铜,296,1118
西蜀-武都郡,8铜,301,989
西蜀-武都郡,8铜,302,1208
西蜀-武都郡,8铜,303,1216
西蜀-武都郡,8铜,308,1059
西蜀-武都郡,8铜,310,1147
西蜀-武都郡,8铜,317,1052
西蜀-武都郡,8铜,321,1157
西蜀-武都郡,8铜,327,998
西蜀-武都郡,8铜,336,1067
西蜀-武都郡,8铜,344,1098
西蜀-武都郡,8铜,349,1016
西蜀-武都郡,8铜,353,1091
西蜀-武都郡,8铜,356,1152
西蜀-武都郡,8铜,361,1104
西蜀-武都郡,8铜,298,1197
西蜀-武都郡,8铜,301,1114
西蜀-武都郡,8铜,302,1211
西蜀-武都郡,8铜,304,1235
西蜀-武都郡,8铜,308,1092
西蜀-武都郡,8铜,313,1126
西蜀-武都郡,8铜,318,1088
西蜀-武都郡,8铜,322,1108
西蜀-武都郡,8铜,327,1069
西蜀-武都郡,8铜,338,1084
西蜀-武都郡,8铜,344,1127
西蜀-武都郡,8铜,350,1063
西蜀-武都郡,8铜,354,1050
西蜀-武都郡,8铜,360,1124
西蜀-武都郡,8铜,362,1013
西蜀-武都郡,8铜,301,988
西蜀-武都郡,8铜,302,1049
西蜀-武都郡,8铜,303,1095
西蜀-武都郡,8铜,307,1092
西蜀-武都郡,8铜,310,1132
西蜀-武都郡,8铜,314,999
西蜀-武都郡,8铜,319,1043
西蜀-武都郡,8铜,325,1082
西蜀-武都郡,8铜,336,1042
西蜀-武都郡,8铜,343,1022
西蜀-武都郡,8铜,346,1018
西蜀-武都郡,8铜,352,1134
西蜀-武都郡,8铜,354,1095
西蜀-武都郡,8铜,361,1041
西蜀-武都郡,8铜,362,1099
西蜀-武都郡,8铜,365,1127
西蜀-武都郡,8铜,381,1016
西蜀-武都郡,8铜,385,1141
西蜀-武都郡,8铜,391,1115
西蜀-武都郡,8铜,399,1125
西蜀-武都郡,8铜,406,1079
西蜀-武都郡,8铜,413,991
西蜀-武都郡,8铜,414,988
西蜀-武都郡,8铜,428,1065
西蜀-武都郡,8铜,433,1092
西蜀-武都郡,8铜,442,1074
西蜀-武都郡,8铜,446,1117
西蜀-武都郡,8铜,459,1047
西蜀-武都郡,8铜,479,1087
西蜀-武都郡,8铜,494,1063
西蜀-武都郡,8铜,366,1091
西蜀-武都郡,8铜,383,1113
西蜀-武都郡,8铜,386,1072
西蜀-武都郡,8铜,395,1121
西蜀-武都郡,8铜,402,1077
西蜀-武都郡,8铜,408,1069
西蜀-武都郡,8铜,413,1018
西蜀-武都郡,8铜,418,1005
西蜀-武都郡,8铜,430,1040
西蜀-武都郡,8铜,434,1045
西蜀-武都郡,8铜,442,1100
西蜀-武都郡,8铜,447,1060
西蜀-武都郡,8铜,468,1055
西蜀-武都郡,8铜,481,1098
西蜀-武都郡,8铜,509,1070
西蜀-武都郡,8铜,368,1069
西蜀-武都郡,8铜,384,1112
西蜀-武都郡,8铜,388,1019
西蜀-武都郡,8铜,398,1087
西蜀-武都郡,8铜,405,1012
西蜀-武都郡,8铜,410,1017
西蜀-武都郡,8铜,413,1092
西蜀-武都郡,8铜,422,1007
西蜀-武都郡,8铜,431,1076
西蜀-武都郡,8铜,441,1095
西蜀-武都郡,8铜,443,1065
西蜀-武都郡,8铜,456,1059
西蜀-武都郡,8铜,468,1056
西蜀-武都郡,8铜,487,1094
西蜀-武都郡,8铜,512,1078
西蜀-武都郡,8铜,518,1085
西蜀-武都郡,8铜,526,1092
西蜀-武都郡,8铜,530,1069
江汉-江夏郡,10铜,1165,831
江汉-江夏郡,10铜,1199,830
江汉-江夏郡,10铜,1241,879
江汉-江夏郡,10铜,1274,983
江汉-江夏郡,10铜,1307,871
江汉-江夏郡,10铜,1323,1004
江汉-江夏郡,10铜,1415,1032
江汉-江夏郡,10铜,1190,1072
江汉-江夏郡,10铜,1218,868
江汉-江夏郡,10铜,1257,916
江汉-江夏郡,10铜,1287,979
江汉-江夏郡,10铜,1309,1096
江汉-江夏郡,10铜,1332,1022
江汉-江夏郡,10铜,1417,966
江汉-江夏郡,10铜,1198,971
江汉-江夏郡,10铜,1226,847
江汉-江夏郡,10铜,1270,1019
江汉-江夏郡,10铜,1303,1034
江汉-江夏郡,10铜,1311,893
江汉-江夏郡,10铜,1412,967
江汉-江夏郡,9铜,1115,841
江汉-江夏郡,9铜,1151,880
江汉-江夏郡,9铜,1160,877
江汉-江夏郡,9铜,1173,1026
江汉-江夏郡,9铜,1178,929
江汉-江夏郡,9铜,1186,864
江汉-江夏郡,9铜,1193,973
江汉-江夏郡,9铜,1194,908
江汉-江夏郡,9铜,1206,952
江汉-江夏郡,9铜,1214,880
江汉-江夏郡,9铜,1216,947
江汉-江夏郡,9铜,1220,1069
江汉-江夏郡,9铜,1226,968
江汉-江夏郡,9铜,1232,862
江汉-江夏郡,9铜,1240,1053
江汉-江夏郡,9铜,1243,1096
江汉-江夏郡,9铜,1125,846
江汉-江夏郡,9铜,1154,822
江汉-江夏郡,9铜,1163,891
江汉-江夏郡,9铜,1175,991
江汉-江夏郡,9铜,1179,860
江汉-江夏郡,9铜,1193,828
江汉-江夏郡,9铜,1193,996
江汉-江夏郡,9铜,1196,1084
江汉-江夏郡,9铜,1213,779
江汉-江夏郡,9铜,1215,803
江汉-江夏郡,9铜,1217,814
江汉-江夏郡,9铜,1223,1043
江汉-江夏郡,9铜,1228,952
江汉-江夏郡,9铜,1233,958
江汉-江夏郡,9铜,1242,1005
江汉-江夏郡,9铜,1256,908
江汉-江夏郡,9铜,1126,847
江汉-江夏郡,9铜,1158,858
江汉-江夏郡,9铜,1167,936
江汉-江夏郡,9铜,1178,919
江汉-江夏郡,9铜,1179,1043
江汉-江夏郡,9铜,1193,930
江汉-江夏郡,9铜,1193,1086
江汉-江夏郡,9铜,1203,1033
江汉-江夏郡,9铜,1213,1081
江汉-江夏郡,9铜,1216,798
江汉-江夏郡,9铜,1220,953
江汉-江夏郡,9铜,1224,818
江汉-江夏郡,9铜,1228,1067
江汉-江夏郡,9铜,1234,1014
江汉-江夏郡,9铜,1242,1038
江汉-江夏郡,9铜,1259,961
江汉-江夏郡,9铜,1265,898
江汉-江夏郡,9铜,1275,889
江汉-江夏郡,9铜,1286,1032
江汉-江夏郡,9铜,1299,1051
江汉-江夏郡,9铜,1312,943
江汉-江夏郡,9铜,1313,1004
江汉-江夏郡,9铜,1317,1008
江汉-江夏郡,9铜,1320,1015
江汉-江夏郡,9铜,1324,960
江汉-江夏郡,9铜,1340,969
江汉-江夏郡,9铜,1350,1017
江汉-江夏郡,9铜,1359,928
江汉-江夏郡,9铜,1367,1041
江汉-江夏郡,9铜,1396,973
江汉-江夏郡,9铜,1269,1014
江汉-江夏郡,9铜,1277,1020
江汉-江夏郡,9铜,1292,1009
江汉-江夏郡,9铜,1304,1055
江汉-江夏郡,9铜,1312,974
江汉-江夏郡,9铜,1315,943
江汉-江夏郡,9铜,1318,925
江汉-江夏郡,9铜,1323,996
江汉-江夏郡,9铜,1328,955
江汉-江夏郡,9铜,1342,940
江汉-江夏郡,9铜,1352,1041
江汉-江夏郡,9铜,1359,1070
江汉-江夏郡,9铜,1370,1063
江汉-江夏郡,9铜,1398,1006
江汉-江夏郡,9铜,1269,1095
江汉-江夏郡,9铜,1282,1044
江汉-江夏郡,9铜,1294,1061
江汉-江夏郡,9铜,1310,891
江汉-江夏郡,9铜,1312,1085
江汉-江夏郡,9铜,1316,897
江汉-江夏郡,9铜,1319,1026
江汉-江夏郡,9铜,1323,1092
江汉-江夏郡,9铜,1336,1082
江汉-江夏郡,9铜,1347,944
江汉-江夏郡,9铜,1357,952
江汉-江夏郡,9铜,1361,983
江汉-江夏郡,9铜,1375,1003
江汉-江夏郡,9铜,1401,977
江汉-江夏郡,8铜,1113,843
江汉-江夏郡,8铜,1139,862
江汉-江夏郡,8铜,1144,870
江汉-江夏郡,8铜,1149,906
江汉-江夏郡,8铜,1154,851
江汉-江夏郡,8铜,1155,890
江汉-江夏郡,8铜,1157,889
江汉-江夏郡,8铜,1162,789
江汉-江夏郡,8铜,1168,899
江汉-江夏郡,8铜,1171,848
江汉-江夏郡,8铜,1173,1042
江汉-江夏郡,8铜,1177,945
江汉-江夏郡,8铜,1179,891
江汉-江夏郡,8铜,1181,1056
江汉-江夏郡,8铜,1184,1072
江汉-江夏郡,8铜,1187,859
江汉-江夏郡,8铜,1122,866
江汉-江夏郡,8铜,1140,845
江汉-江夏郡,8铜,1144,889
江汉-江夏郡,8铜,1150,868
江汉-江夏郡,8铜,1154,939
江汉-江夏郡,8铜,1155,902
江汉-江夏郡,8铜,1159,781
江汉-江夏郡,8铜,1162,809
江汉-江夏郡,8铜,1170,868
江汉-江夏郡,8铜,1172,922
江汉-江夏郡,8铜,1174,884
江汉-江夏郡,8铜,1178,993
江汉-江夏郡,8铜,1180,820
江汉-江夏郡,8铜,1182,1012
江汉-江夏郡,8铜,1186,917
江汉-江夏郡,8铜,1188,955
江汉-江夏郡,8铜,1131,843
江汉-江夏郡,8铜,1142,853
江汉-江夏郡,8铜,1148,912
江汉-江夏郡,8铜,1151,847
江汉-江夏郡,8铜,1155,885
江汉-江夏郡,8铜,1156,887
江汉-江夏郡,8铜,1160,808
江汉-江夏郡,8铜,1164,782
江汉-江夏郡,8铜,1170,1019
江汉-江夏郡,8铜,1173,831
江汉-江夏郡,8铜,1177,789
江汉-江夏郡,8铜,1178,1022
江汉-江夏郡,8铜,1180,1034
江汉-江夏郡,8铜,1183,983
江汉-江夏郡,8铜,1186,997
江汉-江夏郡,8铜,1188,1066
江汉-江夏郡,8铜,1192,996
江汉-江夏郡,8铜,1192,1072
江汉-江夏郡,8铜,1193,902
江汉-江夏郡,8铜,1194,924
江汉-江夏郡,8铜,1197,1045
江汉-江夏郡,8铜,1198,998
江汉-江夏郡,8铜,1199,1075
江汉-江夏郡,8铜,1200,811
江汉-江夏郡,8铜,1202,770
江汉-江夏郡,8铜,1202,777
江汉-江夏郡,8铜,1204,911
江汉-江夏郡,8铜,1204,1068
江汉-江夏郡,8铜,1209,932
江汉-江夏郡,8铜,1211,1082
江汉-江夏郡,8铜,1212,921
江汉-江夏郡,8铜,1212,977
江汉-江夏郡,8铜,1214,811
江汉-江夏郡,8铜,1214,869
江汉-江夏郡,8铜,1216,799
江汉-江夏郡,8铜,1216,1085
江汉-江夏郡,8铜,1219,781
江汉-江夏郡,8铜,1219,811
江汉-江夏郡,8铜,1223,886
江汉-江夏郡,8铜,1223,939
江汉-江夏郡,8铜,1223,993
江汉-江夏郡,8铜,1223,1058
江汉-江夏郡,8铜,1225,1004
江汉-江夏郡,8铜,1226,844
江汉-江夏郡,8铜,1227,1071
江汉-江夏郡,8铜,1229,817
江汉-江夏郡,8铜,1193,805
江汉-江夏郡,8铜,1197,977
江汉-江夏郡,8铜,1199,923
江汉-江夏郡,8铜,1200,936
江汉-江夏郡,8铜,1204,781
江汉-江夏郡,8铜,1208,921
江汉-江夏郡,8铜,1212,896
江汉-江夏郡,8铜,1213,985
江汉-江夏郡,8铜,1215,778
江汉-江夏郡,8铜,1217,1021
江汉-江夏郡,8铜,1219,945
江汉-江夏郡,8铜,1223,969
江汉-江夏郡,8铜,1224,979
江汉-江夏郡,8铜,1226,1071
江汉-江夏郡,8铜,1229,929
江汉-江夏郡,8铜,1229,992
江汉-江夏郡,8铜,1233,905
江汉-江夏郡,8铜,1234,908
江汉-江夏郡,8铜,1238,833
江汉-江夏郡,8铜,1242,961
江汉-江夏郡,8铜,1246,855
江汉-江夏郡,8铜,1246,1072
江汉-江夏郡,8铜,1248,1108
江汉-江夏郡,8铜,1251,910
江汉-江夏郡,8铜,1252,903
江汉-江夏郡,8铜,1254,1041
江汉-江夏郡,8铜,1258,965
江汉-江夏郡,8铜,1260,1124
江汉-江夏郡,8铜,1263,1063
江汉-江夏郡,8铜,1230,1047
江汉-江夏郡,8铜,1233,1028
江汉-江夏郡,8铜,1236,802
江汉-江夏郡,8铜,1240,810
江汉-江夏郡,8铜,1242,1096
江汉-江夏郡,8铜,1246,871
江汉-江夏郡,8铜,1247,890
江汉-江夏郡,8铜,1249,1049
江汉-江夏郡,8铜,1251,987
江汉-江夏郡,8铜,1252,1121
江汉-江夏郡,8铜,1255,913
江汉-江夏郡,8铜,1258,1013
江汉-江夏郡,8铜,1263,903
江汉-江夏郡,8铜,1263,1114
江汉-江夏郡,8铜,1231,1060
江汉-江夏郡,8铜,1233,1042
江汉-江夏郡,8铜,1236,1076
江汉-江夏郡,8铜,1240,905
江汉-江夏郡,8铜,1245,1002
江汉-江夏郡,8铜,1246,884
江汉-江夏郡,8铜,1247,949
江汉-江夏郡,8铜,1250,894
江汉-江夏郡,8铜,1251,1090
江汉-江夏郡,8铜,1254,918
江汉-江夏郡,8铜,1256,855
江汉-江夏郡,8铜,1260,979
江汉-江夏郡,8铜,1263,1052
江汉-江夏郡,8铜,1264,1098
江汉-江夏郡,8铜,1267,902
江汉-江夏郡,8铜,1272,999
江汉-江夏郡,8铜,1276,929
江汉-江夏郡,8铜,1280,899
江汉-江夏郡,8铜,1283,967
江汉-江夏郡,8铜,1285,953
江汉-江夏郡,8铜,1291,911
江汉-江夏郡,8铜,1291,1095
江汉-江夏郡,8铜,1294,938
江汉-江夏郡,8铜,1295,1099
江汉-江夏郡,8铜,1299,1009
江汉-江夏郡,8铜,1301,1042
江汉-江夏郡,8铜,1302,902
江汉-江夏郡,8铜,1304,982
江汉-江夏郡,8铜,1310,978
江汉-江夏郡,8铜,1267,1026
江汉-江夏郡,8铜,1273,911
江汉-江夏郡,8铜,1277,1073
江汉-江夏郡,8铜,1280,911
江汉-江夏郡,8铜,1284,926
江汉-江夏郡,8铜,1286,952
江汉-江夏郡,8铜,1291,1049
江汉-江夏郡,8铜,1292,897
江汉-江夏郡,8铜,1295,887
江汉-江夏郡,8铜,1296,955
江汉-江夏郡,8铜,1300,1005
江汉-江夏郡,8铜,1301,1072
江汉-江夏郡,8铜,1303,993
江汉-江夏郡,8铜,1304,1111
江汉-江夏郡,8铜,1311,1036
江汉-江夏郡,8铜,1270,909
江汉-江夏郡,8铜,1276,873
江汉-江夏郡,8铜,1278,883
江汉-江夏郡,8铜,1282,1028
江汉-江夏郡,8铜,1284,1018
江汉-江夏郡,8铜,1288,937
江汉-江夏郡,8铜,1291,1059
江汉-江夏郡,8铜,1292,1039
江汉-江夏郡,8铜,1295,1041
江汉-江夏郡,8铜,1296,1075
江汉-江夏郡,8铜,1300,1032
江汉-江夏郡,8铜,1301,1108
江汉-江夏郡,8铜,1304,943
江汉-江夏郡,8铜,1305,934
江汉-江夏郡,8铜,1313,978
江汉-江夏郡,8铜,1313,1053
江汉-江夏郡,8铜,1314,1041
江汉-江夏郡,8铜,1320,902
江汉-江夏郡,8铜,1323,942
江汉-江夏郡,8铜,1327,1026
江汉-江夏郡,8铜,1331,1016
江汉-江夏郡,8铜,1337,952
江汉-江夏郡,8铜,1343,1029
江汉-江夏郡,8铜,1349,1046
江汉-江夏郡,8铜,1351,981
江汉-江夏郡,8铜,1355,1008
江汉-江夏郡,8铜,1359,1005
江汉-江夏郡,8铜,1359,1066
江汉-江夏郡,8铜,1363,981
江汉-江夏郡,8铜,1368,1062
江汉-江夏郡,8铜,1313,1055
江汉-江夏郡,8铜,1314,1090
江汉-江夏郡,8铜,1321,1044
江汉-江夏郡,8铜,1324,1011
江汉-江夏郡,8铜,1327,1093
江汉-江夏郡,8铜,1332,1008
江汉-江夏郡,8铜,1339,1057
江汉-江夏郡,8铜,1344,959
江汉-江夏郡,8铜,1350,1070
江汉-江夏郡,8铜,1352,1045
江汉-江夏郡,8铜,1355,1066
江汉-江夏郡,8铜,1359,1033
江汉-江夏郡,8铜,1362,985
江汉-江夏郡,8铜,1368,947
江汉-江夏郡,8铜,1368,1071
江汉-江夏郡,8铜,1314,993
江汉-江夏郡,8铜,1315,1043
江汉-江夏郡,8铜,1321,1058
江汉-江夏郡,8铜,1326,1089
江汉-江夏郡,8铜,1330,963
江汉-江夏郡,8铜,1334,983
江汉-江夏郡,8铜,1342,948
江汉-江夏郡,8铜,1346,1003
江汉-江夏郡,8铜,1351,941
江汉-江夏郡,8铜,1353,1079
江汉-江夏郡,8铜,1356,984
江汉-江夏郡,8铜,1359,1039
江汉-江夏郡,8铜,1362,1049
江汉-江夏郡,8铜,1368,998
江汉-江夏郡,8铜,1369,946
江汉-江夏郡,8铜,1369,991
江汉-江夏郡,8铜,1371,1042
江汉-江夏郡,8铜,1382,1002
江汉-江夏郡,8铜,1393,993
江汉-江夏郡,8铜,1401,954
江汉-江夏郡,8铜,1402,994
江汉-江夏郡,8铜,1407,1040
江汉-江夏郡,8铜,1415,980
江汉-江夏郡,8铜,1422,1018
江汉-江夏郡,8铜,1369,1012
江汉-江夏郡,8铜,1375,1006
江汉-江夏郡,8铜,1387,1022
江汉-江夏郡,8铜,1394,1026
江汉-江夏郡,8铜,1401,1021
江汉-江夏郡,8铜,1402,998
江汉-江夏郡,8铜,1410,1020
江汉-江夏郡,8铜,1417,1027
江汉-江夏郡,8铜,1424,999
江汉-江夏郡,8铜,1369,1037
江汉-江夏郡,8铜,1381,1011
江汉-江夏郡,8铜,1390,1018
江汉-江夏郡,8铜,1399,981
江汉-江夏郡,8铜,1402,993
江汉-江夏郡,8铜,1407,1033
江汉-江夏郡,8铜,1412,1003
江汉-江夏郡,8铜,1421,998
江汉-江夏郡,8铜,1428,998
江汉-南阳郡,10铜,978,817
江汉-南阳郡,10铜,1074,920
江汉-南阳郡,10铜,1102,760
江汉-南阳郡,10铜,1150,824
江汉-南阳郡,10铜,1199,743
江汉-南阳郡,10铜,1013,827
江汉-南阳郡,10铜,1099,789
江汉-南阳郡,10铜,1105,754
江汉-南阳郡,10铜,1163,748
江汉-南阳郡,10铜,1016,888
江汉-南阳郡,10铜,1099,812
江汉-南阳郡,10铜,1147,947
江汉-南阳郡,10铜,1193,768
江汉-南阳郡,9铜,968,826
江汉-南阳郡,9铜,970,846
江汉-南阳郡,9铜,1027,885
江汉-南阳郡,9铜,1023,809
江汉-南阳郡,9铜,1036,902
江汉-南阳郡,9铜,1038,817
江汉-南阳郡,9铜,1050,833
江汉-南阳郡,9铜,1054,801
江汉-南阳郡,9铜,1054,910
江汉-南阳郡,9铜,1055,898
江汉-南阳郡,9铜,1057,954
江汉-南阳郡,9铜,1061,792
江汉-南阳郡,9铜,1068,872
江汉-南阳郡,9铜,1082,830
江汉-南阳郡,9铜,1087,771
江汉-南阳郡,9铜,1088,891
江汉-南阳郡,9铜,1094,854
江汉-南阳郡,9铜,1096,820
江汉-南阳郡,9铜,1104,767
江汉-南阳郡,9铜,1105,793
江汉-南阳郡,9铜,1118,725
江汉-南阳郡,9铜,1120,897
江汉-南阳郡,9铜,1136,765
江汉-南阳郡,9铜,1131,776
江汉-南阳郡,9铜,1164,748
江汉-南阳郡,9铜,1159,964
江汉-南阳郡,9铜,1181,753
江汉-南阳郡,9铜,1019,831
江汉-南阳郡,9铜,1034,878
江汉-南阳郡,9铜,1049,936
江汉-南阳郡,9铜,1054,809
江汉-南阳郡,9铜,1056,915
江汉-南阳郡,9铜,1066,920
江汉-南阳郡,9铜,1083,942
江汉-南阳郡,9铜,1090,901
江汉-南阳郡,9铜,1096,894
江汉-南阳郡,9铜,1112,893
江汉-南阳郡,9铜,1121,908
江汉-南阳郡,9铜,1136,824
江汉-南阳郡,9铜,1176,758
江汉-南阳郡,8铜,967,831
江汉-南阳郡,8铜,970,829
江汉-南阳郡,8铜,987,799
江汉-南阳郡,8铜,978,832
江汉-南阳郡,8铜,1007,842
江汉-南阳郡,8铜,1004,865
江汉-南阳郡,8铜,1018,888
江汉-南阳郡,8铜,1017,835
江汉-南阳郡,8铜,1021,854
江汉-南阳郡,8铜,1020,852
江汉-南阳郡,8铜,1035,823
江汉-南阳郡,8铜,1028,810
江汉-南阳郡,8铜,1038,894
江汉-南阳郡,8铜,1037,923
江汉-南阳郡,8铜,1047,931
江汉-南阳郡,8铜,1044,856
江汉-南阳郡,8铜,1053,835
江汉-南阳郡,8铜,1052,839
江汉-南阳郡,8铜,1054,955
江汉-南阳郡,8铜,1055,865
江汉-南阳郡,8铜,1056,892
江汉-南阳郡,8铜,1059,928
江汉-南阳郡,8铜,1065,805
江汉-南阳郡,8铜,1065,847
江汉-南阳郡,8铜,1070,915
江汉-南阳郡,8铜,1071,942
江汉-南阳郡,8铜,1074,808
江汉-南阳郡,8铜,1076,942
江汉-南阳郡,8铜,1078,924
江汉-南阳郡,8铜,1084,875
江汉-南阳郡,8铜,1094,798
江汉-南阳郡,8铜,1095,936
江汉-南阳郡,8铜,976,820
江汉-南阳郡,8铜,994,821
江汉-南阳郡,8铜,1008,822
江汉-南阳郡,8铜,1019,819
江汉-南阳郡,8铜,1026,814
江汉-南阳郡,8铜,1035,900
江汉-南阳郡,8铜,1041,852
江汉-南阳郡,8铜,1052,803
江汉-南阳郡,8铜,1054,869
江汉-南阳郡,8铜,1056,847
江汉-南阳郡,8铜,1061,911
江汉-南阳郡,8铜,1069,944
江汉-南阳郡,8铜,1072,917
江汉-南阳郡,8铜,1077,884
江汉-南阳郡,8铜,1087,836
江汉-南阳郡,8铜,1097,877
江汉-南阳郡,8铜,1099,781
江汉-南阳郡,8铜,1101,789
江汉-南阳郡,8铜,1104,910
江汉-南阳郡,8铜,1108,955
江汉-南阳郡,8铜,1112,957
江汉-南阳郡,8铜,1116,943
江汉-南阳郡,8铜,1120,879
江汉-南阳郡,8铜,1127,812
江汉-南阳郡,8铜,1133,747
江汉-南阳郡,8铜,1135,738
江汉-南阳郡,8铜,1145,828
江汉-南阳郡,8铜,1156,804
江汉-南阳郡,8铜,1182,732
江汉-南阳郡,8铜,1100,774
江汉-南阳郡,8铜,1101,950
江汉-南阳郡,8铜,1107,733
江汉-南阳郡,8铜,1109,869
江汉-南阳郡,8铜,1113,908
江汉-南阳郡,8铜,1117,962
江汉-南阳郡,8铜,1121,740
江汉-南阳郡,8铜,1132,769
江汉-南阳郡,8铜,1133,792
江汉-南阳郡,8铜,1140,771
江汉-南阳郡,8铜,1147,749
江汉-南阳郡,8铜,1157,768
江汉-南阳郡,8铜,1193,734
江汉-南阳郡,8铜,1100,810
江汉-南阳郡,8铜,1102,827
江汉-南阳郡,8铜,1107,921
江汉-南阳郡,8铜,1112,832
江汉-南阳郡,8铜,1113,916
江汉-南阳郡,8铜,1119,924
江汉-南阳郡,8铜,1122,943
江汉-南阳郡,8铜,1132,799
江汉-南阳郡,8铜,1134,804
江汉-南阳郡,8铜,1144,954
江汉-南阳郡,8铜,1152,952
江汉-南阳郡,8铜,1167,770
江汉-襄阳郡,10铜,745,920
江汉-襄阳郡,10铜,869,909
江汉-襄阳郡,10铜,941,881
江汉-襄阳郡,10铜,999,962
江汉-襄阳郡,10铜,1158,996
江汉-襄阳郡,10铜,790,870
江汉-襄阳郡,10铜,875,922
江汉-襄阳郡,10铜,954,896
江汉-襄阳郡,10铜,1042,1008
江汉-襄阳郡,10铜,805,884
江汉-襄阳郡,10铜,906,883
江汉-襄阳郡,10铜,975,927
江汉-襄阳郡,10铜,1126,1043
江汉-襄阳郡,9铜,749,909
江汉-襄阳郡,9铜,777,961
江汉-襄阳郡,9铜,786,966
江汉-襄阳郡,9铜,793,891
江汉-襄阳郡,9铜,803,872
江汉-襄阳郡,9铜,813,943
江汉-襄阳郡,9铜,814,965
江汉-襄阳郡,9铜,862,904
江汉-襄阳郡,9铜,865,902
江汉-襄阳郡,9铜,909,944
江汉-襄阳郡,9铜,910,942
江汉-襄阳郡,9铜,933,968
江汉-襄阳郡,9铜,940,908
江汉-襄阳郡,9铜,947,961
江汉-襄阳郡,9铜,947,971
江汉-襄阳郡,9铜,957,926
江汉-襄阳郡,9铜,958,975
江汉-襄阳郡,9铜,969,906
江汉-襄阳郡,9铜,969,941
江汉-襄阳郡,9铜,976,868
江汉-襄阳郡,9铜,978,907
江汉-襄阳郡,9铜,996,933
江汉-襄阳郡,9铜,1004,909
江汉-襄阳郡,9铜,1036,1009
江汉-襄阳郡,9铜,1037,971
江汉-襄阳郡,9铜,1055,975
江汉-襄阳郡,9铜,1056,1008
江汉-襄阳郡,9铜,1074,1041
江汉-襄阳郡,9铜,1084,1001
江汉-襄阳郡,9铜,1120,1019
江汉-襄阳郡,9铜,1102,1021
江汉-襄阳郡,9铜,757,876
江汉-襄阳郡,9铜,763,941
江汉-襄阳郡,9铜,787,909
江汉-襄阳郡,9铜,803,976
江汉-襄阳郡,9铜,842,919
江汉-襄阳郡,9铜,901,922
江汉-襄阳郡,9铜,929,884
江汉-襄阳郡,9铜,942,951
江汉-襄阳郡,9铜,953,918
江汉-襄阳郡,9铜,959,884
江汉-襄阳郡,9铜,975,861
江汉-襄阳郡,9铜,978,941
江汉-襄阳郡,9铜,1033,957
江汉-襄阳郡,9铜,1040,1011
江汉-襄阳郡,9铜,1073,1045
江汉-襄阳郡,9铜,1086,1000
江汉-襄阳郡,9铜,1134,1011
江汉-襄阳郡,9铜,1136,974
江汉-襄阳郡,9铜,1138,1014
江汉-襄阳郡,9铜,1150,997
江汉-襄阳郡,9铜,1152,1032
江汉-襄阳郡,9铜,1139,1026
江汉-襄阳郡,9铜,1170,1055
江汉-襄阳郡,8铜,748,924
江汉-襄阳郡,8铜,769,937
江汉-襄阳郡,8铜,782,948
江汉-襄阳郡,8铜,785,915
江汉-襄阳郡,8铜,795,876
江汉-襄阳郡,8铜,795,993
江汉-襄阳郡,8铜,802,907
江汉-襄阳郡,8铜,805,937
江汉-襄阳郡,8铜,808,981
江汉-襄阳郡,8铜,810,937
江汉-襄阳郡,8铜,811,903
江汉-襄阳郡,8铜,813,884
江汉-襄阳郡,8铜,821,936
江汉-襄阳郡,8铜,822,951
江汉-襄阳郡,8铜,841,911
江汉-襄阳郡,8铜,855,907
江汉-襄阳郡,8铜,871,881
江汉-襄阳郡,8铜,872,890
江汉-襄阳郡,8铜,876,921
江汉-襄阳郡,8铜,874,894
江汉-襄阳郡,8铜,890,917
江汉-襄阳郡,8铜,892,906
江汉-襄阳郡,8铜,903,894
江汉-襄阳郡,8铜,903,885
江汉-襄阳郡,8铜,911,925
江汉-襄阳郡,8铜,907,922
江汉-襄阳郡,8铜,930,945
江汉-襄阳郡,8铜,938,884
江汉-襄阳郡,8铜,941,969
江汉-襄阳郡,8铜,944,951
江汉-襄阳郡,8铜,958,899
江汉-襄阳郡,8铜,953,953
江汉-襄阳郡,8铜,770,906
江汉-襄阳郡,8铜,790,907
江汉-襄阳郡,8铜,802,900
江汉-襄阳郡,8铜,805,941
江汉-襄阳郡,8铜,810,945
江汉-襄阳郡,8铜,820,936
江汉-襄阳郡,8铜,825,915
江汉-襄阳郡,8铜,864,907
江汉-襄阳郡,8铜,873,892
江汉-襄阳郡,8铜,890,901
江汉-襄阳郡,8铜,900,884
江汉-襄阳郡,8铜,905,891
江汉-襄阳郡,8铜,930,923
江汉-襄阳郡,8铜,941,942
江汉-襄阳郡,8铜,952,895
江汉-襄阳郡,8铜,968,897
江汉-襄阳郡,8铜,968,975
江汉-襄阳郡,8铜,971,967
江汉-襄阳郡,8铜,982,902
江汉-襄阳郡,8铜,985,903
江汉-襄阳郡,8铜,994,916
江汉-襄阳郡,8铜,996,928
江汉-襄阳郡,8铜,1000,906
江汉-襄阳郡,8铜,1001,908
江汉-襄阳郡,8铜,1013,924
江汉-襄阳郡,8铜,1017,964
江汉-襄阳郡,8铜,1027,941
江汉-襄阳郡,8铜,1029,963
江汉-襄阳郡,8铜,1037,965
江汉-襄阳郡,8铜,1040,1002
江汉-襄阳郡,8铜,1051,964
江汉-襄阳郡,8铜,1051,968
江汉-襄阳郡,8铜,1060,1027
江汉-襄阳郡,8铜,1062,1040
江汉-襄阳郡,8铜,1070,981
江汉-襄阳郡,8铜,1070,1028
江汉-襄阳郡,8铜,1082,991
江汉-襄阳郡,8铜,1085,1012
江汉-襄阳郡,8铜,1091,1054
江汉-襄阳郡,8铜,1093,981
江汉-襄阳郡,8铜,1099,970
江汉-襄阳郡,8铜,1099,1019
江汉-襄阳郡,8铜,1107,983
江汉-襄阳郡,8铜,1108,1058
江汉-襄阳郡,8铜,1113,1047
江汉-襄阳郡,8铜,1113,1030
江汉-襄阳郡,8铜,980,938
江汉-襄阳郡,8铜,987,957
江汉-襄阳郡,8铜,998,921
江汉-襄阳郡,8铜,1002,935
江汉-襄阳郡,8铜,1026,956
江汉-襄阳郡,8铜,1033,956
江汉-襄阳郡,8铜,1044,963
江汉-襄阳郡,8铜,1057,1033
江汉-襄阳郡,8铜,1066,1008
江汉-襄阳郡,8铜,1080,980
江汉-襄阳郡,8铜,1087,995
江汉-襄阳郡,8铜,1096,981
江汉-襄阳郡,8铜,1100,969
江汉-襄阳郡,8铜,1110,978
江汉-襄阳郡,8铜,1113,1082
江汉-襄阳郡,8铜,1114,1058
江汉-襄阳郡,8铜,1119,980
江汉-襄阳郡,8铜,1128,1005
江汉-襄阳郡,8铜,1133,975
江汉-襄阳郡,8铜,1136,1043
江汉-襄阳郡,8铜,1142,1030
江汉-襄阳郡,8铜,1157,973
江汉-襄阳郡,8铜,1116,1068
江汉-襄阳郡,8铜,1121,983
江汉-襄阳郡,8铜,1129,990
江汉-襄阳郡,8铜,1135,1008
江汉-襄阳郡,8铜,1138,987
江汉-襄阳郡,8铜,1147,1051
江汉-襄阳郡,8铜,1158,981
江汉-襄阳郡,8铜,1117,1015
江汉-襄阳郡,8铜,1125,1038
江汉-襄阳郡,8铜,1131,1015
江汉-襄阳郡,8铜,1135,1052
江汉-襄阳郡,8铜,1140,1001
江汉-襄阳郡,8铜,1153,1020
江汉-巴东郡,10铜,823,1244
江汉-巴东郡,10铜,914,1232
江汉-巴东郡,10铜,868,1260
江汉-巴东郡,10铜,933,1253
江汉-巴东郡,10铜,891,1213
江汉-巴东郡,9铜,821,1257
江汉-巴东郡,9铜,845,1160
江汉-巴东郡,9铜,852,1277
江汉-巴东郡,9铜,865,1132
江汉-巴东郡,9铜,875,1291
江汉-巴东郡,9铜,880,1145
江汉-巴东郡,9铜,893,1136
江汉-巴东郡,9铜,922,1168
江汉-巴东郡,9铜,937,1245
江汉-巴东郡,9铜,833,1237
江汉-巴东郡,9铜,851,1087
江汉-巴东郡,9铜,853,1209
江汉-巴东郡,9铜,874,1263
江汉-巴东郡,9铜,878,1123
江汉-巴东郡,9铜,881,1118
江汉-巴东郡,9铜,902,1187
江汉-巴东郡,9铜,927,1228
江汉-巴东郡,9铜,946,1244
江汉-巴东郡,9铜,838,1253
江汉-巴东郡,9铜,851,1106
江汉-巴东郡,9铜,855,1082
江汉-巴东郡,9铜,875,1171
江汉-巴东郡,9铜,878,1175
江汉-巴东郡,9铜,886,1206
江汉-巴东郡,9铜,917,1232
江汉-巴东郡,9铜,931,1153
江汉-巴东郡,9铜,950,1251
江汉-巴东郡,8铜,808,1251
江汉-巴东郡,8铜,827,1269
江汉-巴东郡,8铜,848,1102
江汉-巴东郡,8铜,850,1236
江汉-巴东郡,8铜,852,1286
江汉-巴东郡,8铜,853,1215
江汉-巴东郡,8铜,862,1193
江汉-巴东郡,8铜,868,1176
江汉-巴东郡,8铜,876,1138
江汉-巴东郡,8铜,878,1192
江汉-巴东郡,8铜,881,1101
江汉-巴东郡,8铜,882,1248
江汉-巴东郡,8铜,887,1161
江汉-巴东郡,8铜,888,1260
江汉-巴东郡,8铜,889,1233
江汉-巴东郡,8铜,894,1112
江汉-巴东郡,8铜,897,1205
江汉-巴东郡,8铜,900,1251
江汉-巴东郡,8铜,905,1216
江汉-巴东郡,8铜,911,1196
江汉-巴东郡,8铜,915,1125
江汉-巴东郡,8铜,918,1185
江汉-巴东郡,8铜,922,1223
江汉-巴东郡,8铜,932,1240
江汉-巴东郡,8铜,948,1172
江汉-巴东郡,8铜,962,1230
江汉-巴东郡,8铜,819,1251
江汉-巴东郡,8铜,846,1273
江汉-巴东郡,8铜,850,1115
江汉-巴东郡,8铜,851,1188
江汉-巴东郡,8铜,853,1126
江汉-巴东郡,8铜,854,1162
江汉-巴东郡,8铜,864,1180
江汉-巴东郡,8铜,870,1200
江汉-巴东郡,8铜,876,1156
江汉-巴东郡,8铜,879,1137
江汉-巴东郡,8铜,881,1115
江汉-巴东郡,8铜,883,1162
江汉-巴东郡,8铜,887,1192
江汉-巴东郡,8铜,889,1093
江汉-巴东郡,8铜,890,1089
江汉-巴东郡,8铜,895,1133
江汉-巴东郡,8铜,897,1230
江汉-巴东郡,8铜,901,1197
江汉-巴东郡,8铜,906,1253
江汉-巴东郡,8铜,912,1147
江汉-巴东郡,8铜,916,1208
江汉-巴东郡,8铜,922,1128
江汉-巴东郡,8铜,923,1143
江汉-巴东郡,8铜,943,1176
江汉-巴东郡,8铜,956,1234
江汉-巴东郡,8铜,969,1254
江汉-巴东郡,8铜,826,1271
江汉-巴东郡,8铜,847,1227
江汉-巴东郡,8铜,850,1153
江汉-巴东郡,8铜,851,1235
江汉-巴东郡,8铜,853,1182
江汉-巴东郡,8铜,860,1204
江汉-巴东郡,8铜,868,1133
江汉-巴东郡,8铜,875,1091
江汉-巴东郡,8铜,877,1140
江汉-巴东郡,8铜,879,1193
江汉-巴东郡,8铜,882,1170
江汉-巴东郡,8铜,885,1107
江汉-巴东郡,8铜,888,1135
江汉-巴东郡,8铜,889,1206
江汉-巴东郡,8铜,893,1249
江汉-巴东郡,8铜,897,1158
江汉-巴东郡,8铜,898,1239
江汉-巴东郡,8铜,904,1156
江汉-巴东郡,8铜,907,1252
江汉-巴东郡,8铜,913,1161
江汉-巴东郡,8铜,916,1209
江汉-巴东郡,8铜,922,1141
江汉-巴东郡,8铜,931,1258
江汉-巴东郡,8铜,946,1212
江汉-巴东郡,8铜,959,1233
江汉-上庸郡,10铜,826,1006
江汉-上庸郡,10铜,861,969
江汉-上庸郡,10铜,879,1068
江汉-上庸郡,10铜,931,976
江汉-上庸郡,10铜,845,1000
江汉-上庸郡,10铜,867,1058
江汉-上庸郡,10铜,901,1055
江汉-上庸郡,10铜,846,994
江汉-上庸郡,10铜,871,941
江汉-上庸郡,10铜,918,993
江汉-上庸郡,9铜,808,1003
江汉-上庸郡,9铜,839,957
江汉-上庸郡,9铜,855,1048
江汉-上庸郡,9铜,845,962
江汉-上庸郡,9铜,861,982
江汉-上庸郡,9铜,862,1065
江汉-上庸郡,9铜,876,950
江汉-上庸郡,9铜,889,1024
江汉-上庸郡,9铜,893,1072
江汉-上庸郡,9铜,897,1006
江汉-上庸郡,9铜,939,992
江汉-上庸郡,9铜,945,980
江汉-上庸郡,9铜,972,981
江汉-上庸郡,9铜,994,1016
江汉-上庸郡,9铜,1001,1037
江汉-上庸郡,9铜,1005,1039
江汉-上庸郡,9铜,1016,977
江汉-上庸郡,9铜,1022,988
江汉-上庸郡,9铜,1033,1002
江汉-上庸郡,9铜,840,1032
江汉-上庸郡,9铜,860,1037
江汉-上庸郡,9铜,874,966
江汉-上庸郡,9铜,892,968
江汉-上庸郡,9铜,925,983
江汉-上庸郡,9铜,953,980
江汉-上庸郡,9铜,996,1016
江汉-上庸郡,9铜,1006,1013
江汉-上庸郡,9铜,1025,1000
江汉-上庸郡,8铜,817,1018
江汉-上庸郡,8铜,844,1060
江汉-上庸郡,8铜,851,961
江汉-上庸郡,8铜,855,1043
江汉-上庸郡,8铜,859,1002
江汉-上庸郡,8铜,867,938
江汉-上庸郡,8铜,871,1043
江汉-上庸郡,8铜,877,975
江汉-上庸郡,8铜,888,977
江汉-上庸郡,8铜,889,1003
江汉-上庸郡,8铜,894,981
江汉-上庸郡,8铜,898,983
江汉-上庸郡,8铜,902,1059
江汉-上庸郡,8铜,910,1040
江汉-上庸郡,8铜,917,1002
江汉-上庸郡,8铜,922,1033
江汉-上庸郡,8铜,943,1042
江汉-上庸郡,8铜,948,1031
江汉-上庸郡,8铜,960,1035
江汉-上庸郡,8铜,963,1009
江汉-上庸郡,8铜,972,1015
江汉-上庸郡,8铜,977,1038
江汉-上庸郡,8铜,981,1031
江汉-上庸郡,8铜,1000,1017
江汉-上庸郡,8铜,1016,1040
江汉-上庸郡,8铜,1022,1019
江汉-上庸郡,8铜,820,1019
江汉-上庸郡,8铜,847,1045
江汉-上庸郡,8铜,851,1018
江汉-上庸郡,8铜,856,1023
江汉-上庸郡,8铜,865,971
江汉-上庸郡,8铜,867,943
江汉-上庸郡,8铜,872,985
江汉-上庸郡,8铜,883,955
江汉-上庸郡,8铜,888,1032
江汉-上庸郡,8铜,890,1017
江汉-上庸郡,8铜,896,1043
江汉-上庸郡,8铜,898,1001
江汉-上庸郡,8铜,905,1027
江汉-上庸郡,8铜,914,1028
江汉-上庸郡,8铜,919,1041
江汉-上庸郡,8铜,939,985
江汉-上庸郡,8铜,946,985
江汉-上庸郡,8铜,953,1015
江汉-上庸郡,8铜,960,1048
江汉-上庸郡,8铜,963,1031
江汉-上庸郡,8铜,975,1007
江汉-上庸郡,8铜,978,1050
江汉-上庸郡,8铜,987,1037
江汉-上庸郡,8铜,1008,1023
江汉-上庸郡,8铜,1017,1035
江汉-上庸郡,8铜,825,996
江汉-上庸郡,8铜,850,1023
江汉-上庸郡,8铜,851,1068
江汉-上庸郡,8铜,859,995
江汉-上庸郡,8铜,866,979
江汉-上庸郡,8铜,871,1030
江汉-上庸郡,8铜,876,961
江汉-上庸郡,8铜,887,957
江汉-上庸郡,8铜,888,1079
江汉-上庸郡,8铜,892,965
江汉-上庸郡,8铜,896,1056
江汉-上庸郡,8铜,900,944
江汉-上庸郡,8铜,906,968
江汉-上庸郡,8铜,915,1014
江汉-上庸郡,8铜,921,971
江汉-上庸郡,8铜,942,1036
江汉-上庸郡,8铜,948,979
江汉-上庸郡,8铜,957,987
江汉-上庸郡,8铜,961,1030
江汉-上庸郡,8铜,963,1034
江汉-上庸郡,8铜,976,978
江汉-上庸郡,8铜,979,997
江汉-上庸郡,8铜,996,975
江汉-上庸郡,8铜,1013,1002
江汉-上庸郡,8铜,1018,1029
河南-下邳郡,10铜,1158,457
河南-下邳郡,10铜,1234,424
河南-下邳郡,10铜,1263,604
河南-下邳郡,10铜,1279,461
河南-下邳郡,10铜,1196,444
河南-下邳郡,10铜,1243,434
河南-下邳郡,10铜,1274,592
河南-下邳郡,10铜,1291,465
河南-下邳郡,10铜,1231,438
河南-下邳郡,10铜,1250,610
河南-下邳郡,10铜,1277,554
河南-下邳郡,10铜,1312,557
河南-下邳郡,10铜,1318,562
河南-下邳郡,9铜,1115,484
河南-下邳郡,9铜,1156,460
河南-下邳郡,9铜,1174,470
河南-下邳郡,9铜,1205,560
河南-下邳郡,9铜,1225,584
河南-下邳郡,9铜,1235,521
河南-下邳郡,9铜,1252,514
河南-下邳郡,9铜,1259,557
河南-下邳郡,9铜,1274,466
河南-下邳郡,9铜,1286,476
河南-下邳郡,9铜,1290,488
河南-下邳郡,9铜,1292,469
河南-下邳郡,9铜,1300,610
河南-下邳郡,9铜,1314,562
河南-下邳郡,9铜,1125,488
河南-下邳郡,9铜,1166,484
河南-下邳郡,9铜,1199,463
河南-下邳郡,9铜,1206,490
河南-下邳郡,9铜,1226,450
河南-下邳郡,9铜,1240,457
河南-下邳郡,9铜,1259,411
河南-下邳郡,9铜,1268,621
河南-下邳郡,9铜,1275,486
河南-下邳郡,9铜,1286,615
河南-下邳郡,9铜,1291,636
河南-下邳郡,9铜,1294,513
河南-下邳郡,9铜,1306,674
河南-下邳郡,9铜,1323,682
河南-下邳郡,9铜,1134,487
河南-下邳郡,9铜,1169,471
河南-下邳郡,9铜,1199,511
河南-下邳郡,9铜,1207,520
河南-下邳郡,9铜,1228,590
河南-下邳郡,9铜,1249,433
河南-下邳郡,9铜,1259,432
河南-下邳郡,9铜,1271,474
河南-下邳郡,9铜,1279,600
河南-下邳郡,9铜,1287,628
河南-下邳郡,9铜,1291,666
河南-下邳郡,9铜,1296,511
河南-下邳郡,9铜,1307,593
河南-下邳郡,9铜,1325,677
河南-下邳郡,8铜,1108,481
河南-下邳郡,8铜,1162,486
河南-下邳郡,8铜,1169,461
河南-下邳郡,8铜,1174,461
河南-下邳郡,8铜,1177,456
河南-下邳郡,8铜,1184,485
河南-下邳郡,8铜,1196,468
河南-下邳郡,8铜,1206,442
河南-下邳郡,8铜,1210,492
河南-下邳郡,8铜,1219,471
河南-下邳郡,8铜,1229,455
河南-下邳郡,8铜,1231,565
河南-下邳郡,8铜,1238,459
河南-下邳郡,8铜,1242,566
河南-下邳郡,8铜,1246,410
河南-下邳郡,8铜,1249,471
河南-下邳郡,8铜,1252,596
河南-下邳郡,8铜,1253,606
河南-下邳郡,8铜,1256,619
河南-下邳郡,8铜,1260,422
河南-下邳郡,8铜,1262,543
河南-下邳郡,8铜,1274,492
河南-下邳郡,8铜,1277,457
河南-下邳郡,8铜,1277,565
河南-下邳郡,8铜,1282,484
河南-下邳郡,8铜,1283,521
河南-下邳郡,8铜,1284,528
河南-下邳郡,8铜,1287,598
河南-下邳郡,8铜,1289,625
河南-下邳郡,8铜,1294,461
河南-下邳郡,8铜,1298,628
河南-下邳郡,8铜,1301,547
河南-下邳郡,8铜,1303,602
河南-下邳郡,8铜,1312,544
河南-下邳郡,8铜,1316,532
河南-下邳郡,8铜,1320,571
河南-下邳郡,8铜,1323,575
河南-下邳郡,8铜,1326,543
河南-下邳郡,8铜,1344,543
河南-下邳郡,8铜,1130,490
河南-下邳郡,8铜,1163,510
河南-下邳郡,8铜,1170,485
河南-下邳郡,8铜,1174,478
河南-下邳郡,8铜,1181,487
河南-下邳郡,8铜,1187,484
河南-下邳郡,8铜,1202,503
河南-下邳郡,8铜,1206,480
河南-下邳郡,8铜,1212,449
河南-下邳郡,8铜,1225,462
河南-下邳郡,8铜,1229,543
河南-下邳郡,8铜,1234,525
河南-下邳郡,8铜,1238,560
河南-下邳郡,8铜,1243,494
河南-下邳郡,8铜,1246,505
河南-下邳郡,8铜,1250,472
河南-下邳郡,8铜,1253,541
河南-下邳郡,8铜,1254,567
河南-下邳郡,8铜,1258,508
河南-下邳郡,8铜,1260,561
河南-下邳郡,8铜,1266,565
河南-下邳郡,8铜,1275,502
河南-下邳郡,8铜,1277,471
河南-下邳郡,8铜,1278,662
河南-下邳郡,8铜,1282,559
河南-下邳郡,8铜,1283,589
河南-下邳郡,8铜,1286,530
河南-下邳郡,8铜,1288,479
河南-下邳郡,8铜,1292,466
河南-下邳郡,8铜,1297,555
河南-下邳郡,8铜,1298,659
河南-下邳郡,8铜,1301,564
河南-下邳郡,8铜,1309,598
河南-下邳郡,8铜,1314,509
河南-下邳郡,8铜,1318,553
河南-下邳郡,8铜,1320,603
河南-下邳郡,8铜,1323,594
河南-下邳郡,8铜,1331,556
河南-下邳郡,8铜,1133,454
河南-下邳郡,8铜,1168,510
河南-下邳郡,8铜,1173,496
河南-下邳郡,8铜,1174,506
河南-下邳郡,8铜,1184,443
河南-下邳郡,8铜,1190,513
河南-下邳郡,8铜,1204,556
河南-下邳郡,8铜,1206,554
河南-下邳郡,8铜,1215,428
河南-下邳郡,8铜,1227,584
河南-下邳郡,8铜,1231,473
河南-下邳郡,8铜,1237,576
河南-下邳郡,8铜,1239,427
河南-下邳郡,8铜,1245,546
河南-下邳郡,8铜,1248,604
河南-下邳郡,8铜,1250,627
河南-下邳郡,8铜,1253,579
河南-下邳郡,8铜,1254,647
河南-下邳郡,8铜,1259,547
河南-下邳郡,8铜,1261,566
河南-下邳郡,8铜,1271,553
河南-下邳郡,8铜,1276,637
河南-下邳郡,8铜,1277,502
河南-下邳郡,8铜,1281,661
河南-下邳郡,8铜,1282,578
河南-下邳郡,8铜,1284,470
河南-下邳郡,8铜,1286,549
河南-下邳郡,8铜,1289,582
河南-下邳郡,8铜,1293,663
河南-下邳郡,8铜,1297,644
河南-下邳郡,8铜,1300,528
河南-下邳郡,8铜,1301,610
河南-下邳郡,8铜,1311,550
河南-下邳郡,8铜,1315,663
河南-下邳郡,8铜,1319,600
河南-下邳郡,8铜,1321,543
河南-下邳郡,8铜,1325,557
河南-下邳郡,8铜,1334,537
河南-淮南郡,10铜,1061,549
河南-淮南郡,10铜,1186,700
河南-淮南郡,10铜,1200,575
河南-淮南郡,10铜,1232,712
河南-淮南郡,10铜,1160,718
河南-淮南郡,10铜,1197,650
河南-淮南郡,10铜,1207,651
河南-淮南郡,10铜,1239,674
河南-淮南郡,10铜,1164,626
河南-淮南郡,10铜,1197,706
河南-淮南郡,10铜,1230,736
河南-淮南郡,10铜,1267,743
河南-淮南郡,9铜,1065,545
河南-淮南郡,9铜,1118,506
河南-淮南郡,9铜,1130,606
河南-淮南郡,9铜,1145,559
河南-淮南郡,9铜,1170,548
河南-淮南郡,9铜,1174,635
河南-淮南郡,9铜,1184,530
河南-淮南郡,9铜,1194,567
河南-淮南郡,9铜,1209,595
河南-淮南郡,9铜,1219,682
河南-淮南郡,9铜,1222,684
河南-淮南郡,9铜,1228,654
河南-淮南郡,9铜,1239,703
河南-淮南郡,9铜,1264,789
河南-淮南郡,9铜,1077,522
河南-淮南郡,9铜,1124,570
河南-淮南郡,9铜,1140,550
河南-淮南郡,9铜,1161,691
河南-淮南郡,9铜,1170,637
河南-淮南郡,9铜,1179,588
河南-淮南郡,9铜,1184,656
河南-淮南郡,9铜,1196,612
河南-淮南郡,9铜,1213,752
河南-淮南郡,9铜,1221,631
河南-淮南郡,9铜,1223,728
河南-淮南郡,9铜,1230,704
河南-淮南郡,9铜,1239,785
河南-淮南郡,9铜,1272,758
河南-淮南郡,9铜,1103,525
河南-淮南郡,9铜,1127,561
河南-淮南郡,9铜,1143,622
河南-淮南郡,9铜,1163,583
河南-淮南郡,9铜,1171,588
河南-淮南郡,9铜,1180,520
河南-淮南郡,9铜,1190,679
河南-淮南郡,9铜,1197,670
河南-淮南郡,9铜,1214,598
河南-淮南郡,9铜,1222,641
河南-淮南郡,9铜,1224,709
河南-淮南郡,9铜,1237,727
河南-淮南郡,9铜,1257,709
河南-淮南郡,9铜,1280,790
河南-淮南郡,8铜,1059,551
河南-淮南郡,8铜,1076,517
河南-淮南郡,8铜,1087,509
河南-淮南郡,8铜,1092,523
河南-淮南郡,8铜,1097,533
河南-淮南郡,8铜,1112,570
河南-淮南郡,8铜,1124,558
河南-淮南郡,8铜,1136,616
河南-淮南郡,8铜,1142,520
河南-淮南郡,8铜,1145,631
河南-淮南郡,8铜,1147,704
河南-淮南郡,8铜,1152,529
河南-淮南郡,8铜,1158,618
河南-淮南郡,8铜,1167,692
河南-淮南郡,8铜,1171,663
河南-淮南郡,8铜,1178,541
河南-淮南郡,8铜,1182,647
河南-淮南郡,8铜,1186,551
河南-淮南郡,8铜,1191,549
河南-淮南郡,8铜,1196,614
河南-淮南郡,8铜,1202,649
河南-淮南郡,8铜,1204,631
河南-淮南郡,8铜,1210,725
河南-淮南郡,8铜,1220,726
河南-淮南郡,8铜,1223,642
河南-淮南郡,8铜,1231,734
河南-淮南郡,8铜,1233,714
河南-淮南郡,8铜,1235,689
河南-淮南郡,8铜,1238,696
河南-淮南郡,8铜,1241,702
河南-淮南郡,8铜,1244,727
河南-淮南郡,8铜,1256,799
河南-淮南郡,8铜,1260,708
河南-淮南郡,8铜,1262,745
河南-淮南郡,8铜,1267,749
河南-淮南郡,8铜,1062,544
河南-淮南郡,8铜,1077,511
河南-淮南郡,8铜,1089,558
河南-淮南郡,8铜,1094,545
河南-淮南郡,8铜,1103,578
河南-淮南郡,8铜,1115,577
河南-淮南郡,8铜,1124,581
河南-淮南郡,8铜,1137,517
河南-淮南郡,8铜,1142,580
河南-淮南郡,8铜,1146,610
河南-淮南郡,8铜,1149,521
河南-淮南郡,8铜,1153,527
河南-淮南郡,8铜,1162,594
河南-淮南郡,8铜,1168,601
河南-淮南郡,8铜,1172,675
河南-淮南郡,8铜,1181,692
河南-淮南郡,8铜,1182,718
河南-淮南郡,8铜,1186,652
河南-淮南郡,8铜,1192,658
河南-淮南郡,8铜,1196,692
河南-淮南郡,8铜,1204,601
河南-淮南郡,8铜,1205,653
河南-淮南郡,8铜,1212,590
河南-淮南郡,8铜,1221,603
河南-淮南郡,8铜,1224,631
河南-淮南郡,8铜,1233,624
河南-淮南郡,8铜,1234,647
河南-淮南郡,8铜,1236,673
河南-淮南郡,8铜,1239,692
河南-淮南郡,8铜,1242,786
河南-淮南郡,8铜,1252,766
河南-淮南郡,8铜,1257,790
河南-淮南郡,8铜,1260,795
河南-淮南郡,8铜,1262,804
河南-淮南郡,8铜,1270,786
河南-淮南郡,8铜,1073,526
河南-淮南郡,8铜,1078,530
河南-淮南郡,8铜,1092,507
河南-淮南郡,8铜,1094,573
河南-淮南郡,8铜,1106,515
河南-淮南郡,8铜,1124,519
河南-淮南郡,8铜,1130,591
河南-淮南郡,8铜,1137,556
河南-淮南郡,8铜,1145,609
河南-淮南郡,8铜,1147,685
河南-淮南郡,8铜,1150,652
河南-淮南郡,8铜,1156,531
河南-淮南郡,8铜,1167,611
河南-淮南郡,8铜,1168,612
河南-淮南郡,8铜,1174,618
河南-淮南郡,8铜,1182,562
河南-淮南郡,8铜,1184,635
河南-淮南郡,8铜,1189,708
河南-淮南郡,8铜,1193,638
河南-淮南郡,8铜,1197,622
河南-淮南郡,8铜,1204,624
河南-淮南郡,8铜,1210,596
河南-淮南郡,8铜,1212,671
河南-淮南郡,8铜,1222,613
河南-淮南郡,8铜,1228,670
河南-淮南郡,8铜,1233,627
河南-淮南郡,8铜,1234,682
河南-淮南郡,8铜,1236,727
河南-淮南郡,8铜,1240,662
河南-淮南郡,8铜,1243,685
河南-淮南郡,8铜,1254,747
河南-淮南郡,8铜,1258,730
河南-淮南郡,8铜,1262,702
河南-淮南郡,8铜,1263,714
河南-淮南郡,8铜,1276,783
河南-济阴郡,10铜,948,382
河南-济阴郡,10铜,988,389
河南-济阴郡,10铜,1031,413
河南-济阴郡,10铜,1090,442
河南-济阴郡,10铜,1144,444
河南-济阴郡,10铜,1180,367
河南-济阴郡,10铜,1203,409
河南-济阴郡,10铜,949,365
河南-济阴郡,10铜,1024,385
河南-济阴郡,10铜,1047,359
河南-济阴郡,10铜,1091,371
河南-济阴郡,10铜,1157,431
河南-济阴郡,10铜,1183,406
河南-济阴郡,10铜,987,404
河南-济阴郡,10铜,1029,361
河南-济阴郡,10铜,1061,315
河南-济阴郡,10铜,1120,389
河南-济阴郡,10铜,1158,362
河南-济阴郡,10铜,1184,378
河南-济阴郡,9铜,927,369
河南-济阴郡,9铜,966,401
河南-济阴郡,9铜,988,414
河南-济阴郡,9铜,1011,310
河南-济阴郡,9铜,1033,412
河南-济阴郡,9铜,1046,297
河南-济阴郡,9铜,1056,398
河南-济阴郡,9铜,1064,321
河南-济阴郡,9铜,1083,310
河南-济阴郡,9铜,1091,425
河南-济阴郡,9铜,1096,460
河南-济阴郡,9铜,1105,437
河南-济阴郡,9铜,1112,337
河南-济阴郡,9铜,1116,437
河南-济阴郡,9铜,1131,377
河南-济阴郡,9铜,1151,383
河南-济阴郡,9铜,1179,335
河南-济阴郡,9铜,1185,364
河南-济阴郡,9铜,949,378
河南-济阴郡,9铜,976,355
河南-济阴郡,9铜,1001,369
河南-济阴郡,9铜,1025,433
河南-济阴郡,9铜,1038,358
河南-济阴郡,9铜,1050,447
河南-济阴郡,9铜,1059,341
河南-济阴郡,9铜,1065,444
河南-济阴郡,9铜,1085,307
河南-济阴郡,9铜,1093,333
河南-济阴郡,9铜,1097,410
河南-济阴郡,9铜,1108,435
河南-济阴郡,9铜,1114,453
河南-济阴郡,9铜,1118,378
河南-济阴郡,9铜,1136,382
河南-济阴郡,9铜,1162,431
河南-济阴郡,9铜,1181,409
河南-济阴郡,9铜,1194,431
河南-济阴郡,9铜,963,359
河南-济阴郡,9铜,982,411
河南-济阴郡,9铜,1010,415
河南-济阴郡,9铜,1032,319
河南-济阴郡,9铜,1041,297
河南-济阴郡,9铜,1052,375
河南-济阴郡,9铜,1061,444
河南-济阴郡,9铜,1072,363
河南-济阴郡,9铜,1088,392
河南-济阴郡,9铜,1094,426
河南-济阴郡,9铜,1104,436
河南-济阴郡,9铜,1111,337
河南-济阴郡,9铜,1115,415
河南-济阴郡,9铜,1120,432
河南-济阴郡,9铜,1141,380
河南-济阴郡,9铜,1172,381
河南-济阴郡,9铜,1184,415
河南-济阴郡,9铜,1201,420
河南-济阴郡,9铜,1215,403
河南-济阴郡,8铜,944,381
河南-济阴郡,8铜,956,364
河南-济阴郡,8铜,962,389
河南-济阴郡,8铜,971,390
河南-济阴郡,8铜,983,387
河南-济阴郡,8铜,994,372
河南-济阴郡,8铜,1007,372
河南-济阴郡,8铜,1009,403
河南-济阴郡,8铜,1018,327
河南-济阴郡,8铜,1020,420
河南-济阴郡,8铜,1024,327
河南-济阴郡,8铜,1029,416
河南-济阴郡,8铜,1031,323
河南-济阴郡,8铜,1036,308
河南-济阴郡,8铜,1041,375
河南-济阴郡,8铜,1049,287
河南-济阴郡,8铜,1051,337
河南-济阴郡,8铜,1058,457
河南-济阴郡,8铜,1062,372
河南-济阴郡,8铜,1065,285
河南-济阴郡,8铜,1066,410
河南-济阴郡,8铜,1069,325
河南-济阴郡,8铜,1075,410
河南-济阴郡,8铜,1082,353
河南-济阴郡,8铜,1084,311
河南-济阴郡,8铜,1087,322
河南-济阴郡,8铜,1088,367
河南-济阴郡,8铜,1094,328
河南-济阴郡,8铜,1098,299
河南-济阴郡,8铜,1104,339
河南-济阴郡,8铜,1108,385
河南-济阴郡,8铜,1112,378
河南-济阴郡,8铜,1128,429
河南-济阴郡,8铜,1136,325
河南-济阴郡,8铜,1143,366
河南-济阴郡,8铜,1153,357
河南-济阴郡,8铜,1156,378
河南-济阴郡,8铜,1165,366
河南-济阴郡,8铜,1167,379
河南-济阴郡,8铜,1180,370
河南-济阴郡,8铜,1186,364
河南-济阴郡,8铜,1188,332
河南-济阴郡,8铜,1193,432
河南-济阴郡,8铜,1199,404
河南-济阴郡,8铜,1204,382
河南-济阴郡,8铜,1206,413
河南-济阴郡,8铜,1210,409
河南-济阴郡,8铜,1227,364
河南-济阴郡,8铜,948,363
河南-济阴郡,8铜,957,358
河南-济阴郡,8铜,964,393
河南-济阴郡,8铜,978,381
河南-济阴郡,8铜,990,393
河南-济阴郡,8铜,1002,384
河南-济阴郡,8铜,1008,368
河南-济阴郡,8铜,1011,415
河南-济阴郡,8铜,1018,388
河南-济阴郡,8铜,1020,422
河南-济阴郡,8铜,1025,282
河南-济阴郡,8铜,1030,414
河南-济阴郡,8铜,1032,408
河南-济阴郡,8铜,1037,331
河南-济阴郡,8铜,1042,444
河南-济阴郡,8铜,1050,301
河南-济阴郡,8铜,1054,305
河南-济阴郡,8铜,1060,356
河南-济阴郡,8铜,1063,422
河南-济阴郡,8铜,1065,459
河南-济阴郡,8铜,1067,373
河南-济阴郡,8铜,1071,357
河南-济阴郡,8铜,1078,385
河南-济阴郡,8铜,1083,308
河南-济阴郡,8铜,1086,323
河南-济阴郡,8铜,1087,343
河南-济阴郡,8铜,1091,409
河南-济阴郡,8铜,1094,375
河南-济阴郡,8铜,1099,416
河南-济阴郡,8铜,1105,392
河南-济阴郡,8铜,1110,438
河南-济阴郡,8铜,1117,313
河南-济阴郡,8铜,1131,305
河南-济阴郡,8铜,1141,395
河南-济阴郡,8铜,1147,322
河南-济阴郡,8铜,1154,330
河南-济阴郡,8铜,1160,345
河南-济阴郡,8铜,1166,334
河南-济阴郡,8铜,1168,391
河南-济阴郡,8铜,1182,432
河南-济阴郡,8铜,1186,380
河南-济阴郡,8铜,1191,391
河南-济阴郡,8铜,1197,394
河南-济阴郡,8铜,1201,349
河南-济阴郡,8铜,1204,421
河南-济阴郡,8铜,1207,353
河南-济阴郡,8铜,1214,392
河南-济阴郡,8铜,1230,391
河南-济阴郡,8铜,951,401
河南-济阴郡,8铜,961,372
河南-济阴郡,8铜,966,386
河南-济阴郡,8铜,982,378
河南-济阴郡,8铜,993,406
河南-济阴郡,8铜,1003,374
河南-济阴郡,8铜,1009,401
河南-济阴郡,8铜,1012,388
河南-济阴郡,8铜,1019,340
河南-济阴郡,8铜,1020,427
河南-济阴郡,8铜,1025,304
河南-济阴郡,8铜,1031,281
河南-济阴郡,8铜,1033,329
河南-济阴郡,8铜,1040,437
河南-济阴郡,8铜,1047,390
河南-济阴郡,8铜,1051,311
河南-济阴郡,8铜,1056,392
河南-济阴郡,8铜,1060,391
河南-济阴郡,8铜,1064,308
河南-济阴郡,8铜,1066,305
河南-济阴郡,8铜,1069,291
河南-济阴郡,8铜,1074,323
河南-济阴郡,8铜,1081,357
河南-济阴郡,8铜,1083,344
河南-济阴郡,8铜,1086,450
河南-济阴郡,8铜,1087,400
河南-济阴郡,8铜,1093,356
河南-济阴郡,8铜,1095,331
河南-济阴郡,8铜,1103,353
河南-济阴郡,8铜,1105,416
河南-济阴郡,8铜,1111,399
河南-济阴郡,8铜,1119,415
河南-济阴郡,8铜,1132,438
河南-济阴郡,8铜,1142,403
河南-济阴郡,8铜,1150,347
河南-济阴郡,8铜,1156,323
河南-济阴郡,8铜,1161,319
河南-济阴郡,8铜,1166,422
河南-济阴郡,8铜,1173,385
河南-济阴郡,8铜,1183,416
河南-济阴郡,8铜,1187,426
河南-济阴郡,8铜,1192,430
河南-济阴郡,8铜,1198,420
河南-济阴郡,8铜,1201,367
河南-济阴郡,8铜,1205,388
河南-济阴郡,8铜,1207,408
河南-济阴郡,8铜,1226,366
河南-济阴郡,8铜,1233,367
河南-陈留郡,10铜,883,385
河南-陈留郡,10铜,1097,496
河南-陈留郡,10铜,890,455
河南-陈留郡,10铜,1032,467
河南-陈留郡,9铜,809,385
河南-陈留郡,9铜,816,344
河南-陈留郡,9铜,821,341
河南-陈留郡,9铜,825,370
河南-陈留郡,9铜,853,415
河南-陈留郡,9铜,854,461
河南-陈留郡,9铜,860,339
河南-陈留郡,9铜,861,421
河南-陈留郡,9铜,863,430
河南-陈留郡,9铜,872,438
河南-陈留郡,9铜,878,350
河南-陈留郡,9铜,879,379
河南-陈留郡,9铜,887,374
河南-陈留郡,9铜,885,341
河南-陈留郡,9铜,899,343
河南-陈留郡,9铜,897,347
河南-陈留郡,9铜,904,383
河南-陈留郡,9铜,901,440
河南-陈留郡,9铜,958,470
河南-陈留郡,9铜,936,438
河南-陈留郡,9铜,962,446
河南-陈留郡,9铜,968,490
河南-陈留郡,9铜,992,495
河南-陈留郡,9铜,996,459
河南-陈留郡,9铜,1020,509
河南-陈留郡,9铜,1017,459
河南-陈留郡,9铜,1041,512
河南-陈留郡,9铜,1046,534
河南-陈留郡,9铜,1060,478
河南-陈留郡,9铜,820,367
河南-陈留郡,9铜,837,337
河南-陈留郡,9铜,857,360
河南-陈留郡,9铜,862,379
河南-陈留郡,9铜,873,464
河南-陈留郡,9铜,879,425
河南-陈留郡,9铜,887,377
河南-陈留郡,9铜,901,344
河南-陈留郡,9铜,918,452
河南-陈留郡,9铜,959,452
河南-陈留郡,9铜,977,427
河南-陈留郡,9铜,1004,455
河南-陈留郡,9铜,1021,524
河南-陈留郡,9铜,1057,470
河南-陈留郡,8铜,804,354
河南-陈留郡,8铜,811,387
河南-陈留郡,8铜,829,373
河南-陈留郡,8铜,831,377
河南-陈留郡,8铜,850,399
河南-陈留郡,8铜,857,352
河南-陈留郡,8铜,863,348
河南-陈留郡,8铜,868,389
河南-陈留郡,8铜,873,406
河南-陈留郡,8铜,876,370
河南-陈留郡,8铜,878,331
河南-陈留郡,8铜,883,354
河南-陈留郡,8铜,888,486
河南-陈留郡,8铜,891,386
河南-陈留郡,8铜,896,468
河南-陈留郡,8铜,900,388
河南-陈留郡,8铜,902,483
河南-陈留郡,8铜,905,409
河南-陈留郡,8铜,910,409
河南-陈留郡,8铜,916,343
河南-陈留郡,8铜,928,458
河南-陈留郡,8铜,953,432
河南-陈留郡,8铜,972,431
河南-陈留郡,8铜,985,500
河南-陈留郡,8铜,1007,446
河南-陈留郡,8铜,1015,474
河南-陈留郡,8铜,1026,480
河南-陈留郡,8铜,1030,512
河南-陈留郡,8铜,1049,532
河南-陈留郡,8铜,1084,496
河南-陈留郡,8铜,806,349
河南-陈留郡,8铜,822,371
河南-陈留郡,8铜,829,394
河南-陈留郡,8铜,837,385
河南-陈留郡,8铜,854,391
河南-陈留郡,8铜,857,398
河南-陈留郡,8铜,866,406
河南-陈留郡,8铜,872,344
河南-陈留郡,8铜,874,480
河南-陈留郡,8铜,877,337
河南-陈留郡,8铜,878,406
河南-陈留郡,8铜,883,482
河南-陈留郡,8铜,890,486
河南-陈留郡,8铜,893,380
河南-陈留郡,8铜,897,391
河南-陈留郡,8铜,900,449
河南-陈留郡,8铜,903,462
河南-陈留郡,8铜,905,477
河南-陈留郡,8铜,911,427
河南-陈留郡,8铜,920,419
河南-陈留郡,8铜,938,457
河南-陈留郡,8铜,964,447
河南-陈留郡,8铜,978,428
河南-陈留郡,8铜,998,476
河南-陈留郡,8铜,1009,441
河南-陈留郡,8铜,1019,462
河南-陈留郡,8铜,1028,470
河南-陈留郡,8铜,1041,525
河南-陈留郡,8铜,1054,488
河南-陈留郡,8铜,1086,503
河南-陈留郡,8铜,809,340
河南-陈留郡,8铜,827,374
河南-陈留郡,8铜,830,360
河南-陈留郡,8铜,847,351
河南-陈留郡,8铜,857,341
河南-陈留郡,8铜,862,371
河南-陈留郡,8铜,867,367
河南-陈留郡,8铜,872,364
河南-陈留郡,8铜,876,367
河南-陈留郡,8铜,877,421
河南-陈留郡,8铜,880,342
河南-陈留郡,8铜,885,406
河南-陈留郡,8铜,890,496
河南-陈留郡,8铜,894,431
河南-陈留郡,8铜,898,373
河南-陈留郡,8铜,902,342
河南-陈留郡,8铜,905,398
河南-陈留郡,8铜,906,337
河南-陈留郡,8铜,915,486
河南-陈留郡,8铜,923,472
河南-陈留郡,8铜,952,416
河南-陈留郡,8铜,965,479
河南-陈留郡,8铜,981,435
河南-陈留郡,8铜,999,459
河南-陈留郡,8铜,1012,454
河南-陈留郡,8铜,1025,506
河南-陈留郡,8铜,1029,449
河南-陈留郡,8铜,1043,534
河南-陈留郡,8铜,1055,522
河南-陈留郡,8铜,1087,494
河南-颍川郡,10铜,934,578
河南-颍川郡,10铜,986,622
河南-颍川郡,10铜,1034,542
河南-颍川郡,10铜,1079,689
河南-颍川郡,10铜,973,545
河南-颍川郡,10铜,1013,600
河南-颍川郡,10铜,1048,669
河南-颍川郡,10铜,1089,655
河南-颍川郡,10铜,985,602
河南-颍川郡,10铜,1025,608
河南-颍川郡,10铜,1064,604
河南-颍川郡,9铜,846,547
河南-颍川郡,9铜,895,591
河南-颍川郡,9铜,909,568
河南-颍川郡,9铜,943,505
河南-颍川郡,9铜,976,508
河南-颍川郡,9铜,993,536
河南-颍川郡,9铜,1002,576
河南-颍川郡,9铜,1013,535
河南-颍川郡,9铜,1032,615
河南-颍川郡,9铜,1038,575
河南-颍川郡,9铜,1061,725
河南-颍川郡,9铜,1067,713
河南-颍川郡,9铜,1075,625
河南-颍川郡,9铜,1090,691
河南-颍川郡,9铜,1102,620
河南-颍川郡,9铜,1118,630
河南-颍川郡,9铜,856,543
河南-颍川郡,9铜,897,579
河南-颍川郡,9铜,927,483
河南-颍川郡,9铜,946,594
河南-颍川郡,9铜,976,512
河南-颍川郡,9铜,999,592
河南-颍川郡,9铜,1002,636
河南-颍川郡,9铜,1026,603
河南-颍川郡,9铜,1035,546
河南-颍川郡,9铜,1052,663
河南-颍川郡,9铜,1064,571
河南-颍川郡,9铜,1069,658
河南-颍川郡,9铜,1085,611
河南-颍川郡,9铜,1095,626
河南-颍川郡,9铜,1111,607
河南-颍川郡,9铜,1121,678
河南-颍川郡,9铜,880,555
河南-颍川郡,9铜,906,531
河南-颍川郡,9铜,931,479
河南-颍川郡,9铜,959,564
河南-颍川郡,9铜,988,652
河南-颍川郡,9铜,1002,526
河南-颍川郡,9铜,1010,620
河南-颍川郡,9铜,1027,579
河南-颍川郡,9铜,1035,572
河南-颍川郡,9铜,1056,691
河南-颍川郡,9铜,1067,628
河南-颍川郡,9铜,1072,577
河南-颍川郡,9铜,1086,681
河南-颍川郡,9铜,1095,665
河南-颍川郡,9铜,1117,674
河南-颍川郡,9铜,1121,697
河南-颍川郡,9铜,1136,694
河南-颍川郡,8铜,870,549
河南-颍川郡,8铜,872,556
河南-颍川郡,8铜,880,549
河南-颍川郡,8铜,882,569
河南-颍川郡,8铜,905,550
河南-颍川郡,8铜,908,533
河南-颍川郡,8铜,916,514
河南-颍川郡,8铜,918,530
河南-颍川郡,8铜,919,581
河南-颍川郡,8铜,921,544
河南-颍川郡,8铜,932,542
河南-颍川郡,8铜,932,580
河南-颍川郡,8铜,878,567
河南-颍川郡,8铜,884,517
河南-颍川郡,8铜,915,538
河南-颍川郡,8铜,919,504
河南-颍川郡,8铜,921,547
河南-颍川郡,8铜,933,528
河南-颍川郡,8铜,941,537
河南-颍川郡,8铜,941,590
河南-颍川郡,8铜,942,505
河南-颍川郡,8铜,945,577
河南-颍川郡,8铜,947,528
河南-颍川郡,8铜,955,494
河南-颍川郡,8铜,960,610
河南-颍川郡,8铜,961,554
河南-颍川郡,8铜,963,538
河南-颍川郡,8铜,969,593
河南-颍川郡,8铜,970,581
河南-颍川郡,8铜,980,532
河南-颍川郡,8铜,983,543
河南-颍川郡,8铜,985,542
河南-颍川郡,8铜,989,649
河南-颍川郡,8铜,993,521
河南-颍川郡,8铜,1000,638
河南-颍川郡,8铜,1006,556
河南-颍川郡,8铜,1004,646
河南-颍川郡,8铜,1009,526
河南-颍川郡,8铜,1009,545
河南-颍川郡,8铜,953,524
河南-颍川郡,8铜,961,521
河南-颍川郡,8铜,967,624
河南-颍川郡,8铜,973,529
河南-颍川郡,8铜,985,532
河南-颍川郡,8铜,992,538
河南-颍川郡,8铜,1001,620
河南-颍川郡,8铜,1007,575
河南-颍川郡,8铜,1010,600
河南-颍川郡,8铜,1012,558
河南-颍川郡,8铜,1016,689
河南-颍川郡,8铜,1017,530
河南-颍川郡,8铜,1018,565
河南-颍川郡,8铜,1018,671
河南-颍川郡,8铜,1024,533
河南-颍川郡,8铜,1026,599
河南-颍川郡,8铜,1028,704
河南-颍川郡,8铜,1029,650
河南-颍川郡,8铜,1032,648
河南-颍川郡,8铜,1036,548
河南-颍川郡,8铜,1036,642
河南-颍川郡,8铜,1039,616
河南-颍川郡,8铜,1046,662
河南-颍川郡,8铜,1042,647
河南-颍川郡,8铜,1047,628
河南-颍川郡,8铜,1053,684
河南-颍川郡,8铜,1058,608
河南-颍川郡,8铜,1058,671
河南-颍川郡,8铜,1060,710
河南-颍川郡,8铜,1062,574
河南-颍川郡,8铜,1065,664
河南-颍川郡,8铜,1069,580
河南-颍川郡,8铜,1070,653
河南-颍川郡,8铜,1075,598
河南-颍川郡,8铜,1079,690
河南-颍川郡,8铜,1082,644
河南-颍川郡,8铜,1085,719
河南-颍川郡,8铜,1088,708
河南-颍川郡,8铜,1023,660
河南-颍川郡,8铜,1027,549
河南-颍川郡,8铜,1032,573
河南-颍川郡,8铜,1036,616
河南-颍川郡,8铜,1040,674
河南-颍川郡,8铜,1047,606
河南-颍川郡,8铜,1053,707
河南-颍川郡,8铜,1060,615
河南-颍川郡,8铜,1063,567
河南-颍川郡,8铜,1070,610
河南-颍川郡,8铜,1076,660
河南-颍川郡,8铜,1085,622
河南-颍川郡,8铜,1088,722
河南-颍川郡,8铜,1090,656
河南-颍川郡,8铜,1093,715
河南-颍川郡,8铜,1096,676
河南-颍川郡,8铜,1097,603
河南-颍川郡,8铜,1108,647
河南-颍川郡,8铜,1101,635
河南-颍川郡,8铜,1112,642
河南-颍川郡,8铜,1114,649
河南-颍川郡,8铜,1129,667
河南-颍川郡,8铜,1125,709
河南-颍川郡,8铜,1137,648
河南-颍川郡,8铜,1136,659
河南-颍川郡,8铜,1096,626
河南-颍川郡,8铜,1098,685
河南-颍川郡,8铜,1108,661
河南-颍川郡,8铜,1121,675
河南-颍川郡,8铜,1134,655
河南-颍川郡,8铜,1145,660
冯翊-河东郡,10铜,692,576
冯翊-河东郡,10铜,748,608
冯翊-河东郡,10铜,808,507
冯翊-河东郡,10铜,713,484
冯翊-河东郡,10铜,759,404
冯翊-河东郡,10铜,824,446
冯翊-河东郡,10铜,726,612
冯翊-河东郡,10铜,771,451
冯翊-河东郡,10铜,840,466
冯翊-河东郡,9铜,672,563
冯翊-河东郡,9铜,687,516
冯翊-河东郡,9铜,692,535
冯翊-河东郡,9铜,698,572
冯翊-河东郡,9铜,712,510
冯翊-河东郡,9铜,719,627
冯翊-河东郡,9铜,731,616
冯翊-河东郡,9铜,734,590
冯翊-河东郡,9铜,740,395
冯翊-河东郡,9铜,745,593
冯翊-河东郡,9铜,750,410
冯翊-河东郡,9铜,754,680
冯翊-河东郡,9铜,767,538
冯翊-河东郡,9铜,783,362
冯翊-河东郡,9铜,787,441
冯翊-河东郡,9铜,792,383
冯翊-河东郡,9铜,812,430
冯翊-河东郡,9铜,846,521
冯翊-河东郡,9铜,679,504
冯翊-河东郡,9铜,688,511
冯翊-河东郡,9铜,696,449
冯翊-河东郡,9铜,707,485
冯翊-河东郡,9铜,717,390
冯翊-河东郡,9铜,723,610
冯翊-河东郡,9铜,733,527
冯翊-河东郡,9铜,735,469
冯翊-河东郡,9铜,742,517
冯翊-河东郡,9铜,748,676
冯翊-河东郡,9铜,750,649
冯翊-河东郡,9铜,755,470
冯翊-河东郡,9铜,768,409
冯翊-河东郡,9铜,784,414
冯翊-河东郡,9铜,790,505
冯翊-河东郡,9铜,792,517
冯翊-河东郡,9铜,815,451
冯翊-河东郡,9铜,852,491
冯翊-河东郡,9铜,681,575
冯翊-河东郡,9铜,689,587
冯翊-河东郡,9铜,697,609
冯翊-河东郡,9铜,710,433
冯翊-河东郡,9铜,718,400
冯翊-河东郡,9铜,731,375
冯翊-河东郡,9铜,733,637
冯翊-河东郡,9铜,737,514
冯翊-河东郡,9铜,742,534
冯翊-河东郡,9铜,749,515
冯翊-河东郡,9铜,751,520
冯翊-河东郡,9铜,755,526
冯翊-河东郡,9铜,776,640
冯翊-河东郡,9铜,786,500
冯翊-河东郡,9铜,791,443
冯翊-河东郡,9铜,808,482
冯翊-河东郡,9铜,831,485
冯翊-河东郡,8铜,657,546
冯翊-河东郡,8铜,673,532
冯翊-河东郡,8铜,683,459
冯翊-河东郡,8铜,686,415
冯翊-河东郡,8铜,690,433
冯翊-河东郡,8铜,692,401
冯翊-河东郡,8铜,695,483
冯翊-河东郡,8铜,697,518
冯翊-河东郡,8铜,698,581
冯翊-河东郡,8铜,702,553
冯翊-河东郡,8铜,705,443
冯翊-河东郡,8铜,708,621
冯翊-河东郡,8铜,710,605
冯翊-河东郡,8铜,717,601
冯翊-河东郡,8铜,721,447
冯翊-河东郡,8铜,727,597
冯翊-河东郡,8铜,731,389
冯翊-河东郡,8铜,732,439
冯翊-河东郡,8铜,734,414
冯翊-河东郡,8铜,735,594
冯翊-河东郡,8铜,737,602
冯翊-河东郡,8铜,739,385
冯翊-河东郡,8铜,741,442
冯翊-河东郡,8铜,744,443
冯翊-河东郡,8铜,747,436
冯翊-河东郡,8铜,749,621
冯翊-河东郡,8铜,752,439
冯翊-河东郡,8铜,753,353
冯翊-河东郡,8铜,754,471
冯翊-河东郡,8铜,758,486
冯翊-河东郡,8铜,761,462
冯翊-河东郡,8铜,763,536
冯翊-河东郡,8铜,766,521
冯翊-河东郡,8铜,769,441
冯翊-河东郡,8铜,770,429
冯翊-河东郡,8铜,772,419
冯翊-河东郡,8铜,776,383
冯翊-河东郡,8铜,778,472
冯翊-河东郡,8铜,780,457
冯翊-河东郡,8铜,786,509
冯翊-河东郡,8铜,789,540
冯翊-河东郡,8铜,796,497
冯翊-河东郡,8铜,800,388
冯翊-河东郡,8铜,815,479
冯翊-河东郡,8铜,817,516
冯翊-河东郡,8铜,833,437
冯翊-河东郡,8铜,842,451
冯翊-河东郡,8铜,862,494
冯翊-河东郡,8铜,663,534
冯翊-河东郡,8铜,674,556
冯翊-河东郡,8铜,683,519
冯翊-河东郡,8铜,686,491
冯翊-河东郡,8铜,691,440
冯翊-河东郡,8铜,693,434
冯翊-河东郡,8铜,697,385
冯翊-河东郡,8铜,698,384
冯翊-河东郡,8铜,699,520
冯翊-河东郡,8铜,703,613
冯翊-河东郡,8铜,705,547
冯翊-河东郡,8铜,709,486
冯翊-河东郡,8铜,710,616
冯翊-河东郡,8铜,718,503
冯翊-河东郡,8铜,721,486
冯翊-河东郡,8铜,730,466
冯翊-河东郡,8铜,731,601
冯翊-河东郡,8铜,732,558
冯翊-河东郡,8铜,734,499
冯翊-河东郡,8铜,736,603
冯翊-河东郡,8铜,737,647
冯翊-河东郡,8铜,740,547
冯翊-河东郡,8铜,741,457
冯翊-河东郡,8铜,744,487
冯翊-河东郡,8铜,748,661
冯翊-河东郡,8铜,749,662
冯翊-河东郡,8铜,752,488
冯翊-河东郡,8铜,753,362
冯翊-河东郡,8铜,755,349
冯翊-河东郡,8铜,760,508
冯翊-河东郡,8铜,761,549
冯翊-河东郡,8铜,765,642
冯翊-河东郡,8铜,768,396
冯翊-河东郡,8铜,770,413
冯翊-河东郡,8铜,770,456
冯翊-河东郡,8铜,775,376
冯翊-河东郡,8铜,777,494
冯翊-河东郡,8铜,778,552
冯翊-河东郡,8铜,783,490
冯翊-河东郡,8铜,787,432
冯翊-河东郡,8铜,794,376
冯翊-河东郡,8铜,798,433
冯翊-河东郡,8铜,806,466
冯翊-河东郡,8铜,816,489
冯翊-河东郡,8铜,820,456
冯翊-河东郡,8铜,833,486
冯翊-河东郡,8铜,848,510
冯翊-河东郡,8铜,867,500
冯翊-河东郡,8铜,668,531
冯翊-河东郡,8铜,679,554
冯翊-河东郡,8铜,684,394
冯翊-河东郡,8铜,687,510
冯翊-河东郡,8铜,691,535
冯翊-河东郡,8铜,695,374
冯翊-河东郡,8铜,697,479
冯翊-河东郡,8铜,698,455
冯翊-河东郡,8铜,700,408
冯翊-河东郡,8铜,705,358
冯翊-河东郡,8铜,707,393
冯翊-河东郡,8铜,710,471
冯翊-河东郡,8铜,715,428
冯翊-河东郡,8铜,721,437
冯翊-河东郡,8铜,726,410
冯翊-河东郡,8铜,730,594
冯翊-河东郡,8铜,731,648
冯翊-河东郡,8铜,733,563
冯翊-河东郡,8铜,734,601
冯翊-河东郡,8铜,737,569
冯翊-河东郡,8铜,738,620
冯翊-河东郡,8铜,740,589
冯翊-河东郡,8铜,743,406
冯翊-河东郡,8铜,745,456
冯翊-河东郡,8铜,749,548
冯翊-河东郡,8铜,751,666
冯翊-河东郡,8铜,752,566
冯翊-河东郡,8铜,754,440
冯翊-河东郡,8铜,756,496
冯翊-河东郡,8铜,761,402
冯翊-河东郡,8铜,762,422
冯翊-河东郡,8铜,766,412
冯翊-河东郡,8铜,769,372
冯翊-河东郡,8铜,770,423
冯翊-河东郡,8铜,771,392
冯翊-河东郡,8铜,775,504
冯翊-河东郡,8铜,778,402
冯翊-河东郡,8铜,780,397
冯翊-河东郡,8铜,784,488
冯翊-河东郡,8铜,788,375
冯翊-河东郡,8铜,796,480
冯翊-河东郡,8铜,798,462
冯翊-河东郡,8铜,808,474
冯翊-河东郡,8铜,817,423
冯翊-河东郡,8铜,828,526
冯翊-河东郡,8铜,840,503
冯翊-河东郡,8铜,851,500
冯翊-冯翊郡,10铜,507,683
冯翊-冯翊郡,10铜,562,733
冯翊-冯翊郡,10铜,583,658
冯翊-冯翊郡,10铜,664,724
冯翊-冯翊郡,10铜,705,708
冯翊-冯翊郡,10铜,535,779
冯翊-冯翊郡,10铜,563,712
冯翊-冯翊郡,10铜,602,751
冯翊-冯翊郡,10铜,675,595
冯翊-冯翊郡,10铜,776,723
冯翊-冯翊郡,10铜,558,665
冯翊-冯翊郡,10铜,571,693
冯翊-冯翊郡,10铜,621,683
冯翊-冯翊郡,10铜,687,675
冯翊-冯翊郡,9铜,476,669
冯翊-冯翊郡,9铜,505,693
冯翊-冯翊郡,9铜,517,633
冯翊-冯翊郡,9铜,525,617
冯翊-冯翊郡,9铜,536,682
冯翊-冯翊郡,9铜,537,740
冯翊-冯翊郡,9铜,547,765
冯翊-冯翊郡,9铜,550,652
冯翊-冯翊郡,9铜,551,680
冯翊-冯翊郡,9铜,557,629
冯翊-冯翊郡,9铜,565,680
冯翊-冯翊郡,9铜,589,733
冯翊-冯翊郡,9铜,607,614
冯翊-冯翊郡,9铜,610,753
冯翊-冯翊郡,9铜,619,752
冯翊-冯翊郡,9铜,628,602
冯翊-冯翊郡,9铜,632,692
冯翊-冯翊郡,9铜,643,609
冯翊-冯翊郡,9铜,653,627
冯翊-冯翊郡,9铜,675,670
冯翊-冯翊郡,9铜,686,701
冯翊-冯翊郡,9铜,703,712
冯翊-冯翊郡,9铜,716,654
冯翊-冯翊郡,9铜,726,765
冯翊-冯翊郡,9铜,758,689
冯翊-冯翊郡,9铜,493,659
冯翊-冯翊郡,9铜,509,666
冯翊-冯翊郡,9铜,517,684
冯翊-冯翊郡,9铜,526,600
冯翊-冯翊郡,9铜,536,720
冯翊-冯翊郡,9铜,542,659
冯翊-冯翊郡,9铜,549,617
冯翊-冯翊郡,9铜,550,764
冯翊-冯翊郡,9铜,552,738
冯翊-冯翊郡,9铜,559,675
冯翊-冯翊郡,9铜,586,688
冯翊-冯翊郡,9铜,591,694
冯翊-冯翊郡,9铜,607,708
冯翊-冯翊郡,9铜,612,598
冯翊-冯翊郡,9铜,621,703
冯翊-冯翊郡,9铜,628,739
冯翊-冯翊郡,9铜,633,659
冯翊-冯翊郡,9铜,646,660
冯翊-冯翊郡,9铜,664,670
冯翊-冯翊郡,9铜,679,600
冯翊-冯翊郡,9铜,695,695
冯翊-冯翊郡,9铜,706,729
冯翊-冯翊郡,9铜,717,658
冯翊-冯翊郡,9铜,727,691
冯翊-冯翊郡,9铜,765,721
冯翊-冯翊郡,9铜,501,675
冯翊-冯翊郡,9铜,512,706
冯翊-冯翊郡,9铜,524,650
冯翊-冯翊郡,9铜,530,692
冯翊-冯翊郡,9铜,537,720
冯翊-冯翊郡,9铜,543,663
冯翊-冯翊郡,9铜,549,737
冯翊-冯翊郡,9铜,551,648
冯翊-冯翊郡,9铜,553,727
冯翊-冯翊郡,9铜,560,753
冯翊-冯翊郡,9铜,589,731
冯翊-冯翊郡,9铜,603,626
冯翊-冯翊郡,9铜,610,638
冯翊-冯翊郡,9铜,614,638
冯翊-冯翊郡,9铜,623,656
冯翊-冯翊郡,9铜,631,605
冯翊-冯翊郡,9铜,634,622
冯翊-冯翊郡,9铜,652,741
冯翊-冯翊郡,9铜,665,631
冯翊-冯翊郡,9铜,679,719
冯翊-冯翊郡,9铜,701,660
冯翊-冯翊郡,9铜,713,713
冯翊-冯翊郡,9铜,723,708
冯翊-冯翊郡,9铜,736,696
冯翊-冯翊郡,9铜,765,747
冯翊-冯翊郡,8铜,475,652
冯翊-冯翊郡,8铜,498,692
冯翊-冯翊郡,8铜,509,662
冯翊-冯翊郡,8铜,512,671
冯翊-冯翊郡,8铜,518,658
冯翊-冯翊郡,8铜,527,702
冯翊-冯翊郡,8铜,530,647
冯翊-冯翊郡,8铜,541,706
冯翊-冯翊郡,8铜,545,742
冯翊-冯翊郡,8铜,548,717
冯翊-冯翊郡,8铜,564,613
冯翊-冯翊郡,8铜,565,690
冯翊-冯翊郡,8铜,570,764
冯翊-冯翊郡,8铜,576,690
冯翊-冯翊郡,8铜,583,640
冯翊-冯翊郡,8铜,587,711
冯翊-冯翊郡,8铜,591,660
冯翊-冯翊郡,8铜,594,604
冯翊-冯翊郡,8铜,596,716
冯翊-冯翊郡,8铜,602,698
冯翊-冯翊郡,8铜,605,593
冯翊-冯翊郡,8铜,607,633
冯翊-冯翊郡,8铜,614,630
冯翊-冯翊郡,8铜,617,710
冯翊-冯翊郡,8铜,618,717
冯翊-冯翊郡,8铜,620,646
冯翊-冯翊郡,8铜,624,602
冯翊-冯翊郡,8铜,627,656
冯翊-冯翊郡,8铜,629,763
冯翊-冯翊郡,8铜,631,728
冯翊-冯翊郡,8铜,634,597
冯翊-冯翊郡,8铜,637,616
冯翊-冯翊郡,8铜,641,629
冯翊-冯翊郡,8铜,643,564
冯翊-冯翊郡,8铜,649,622
冯翊-冯翊郡,8铜,655,552
冯翊-冯翊郡,8铜,661,612
冯翊-冯翊郡,8铜,667,663
冯翊-冯翊郡,8铜,670,627
冯翊-冯翊郡,8铜,674,695
冯翊-冯翊郡,8铜,680,683
冯翊-冯翊郡,8铜,697,661
冯翊-冯翊郡,8铜,701,680
冯翊-冯翊郡,8铜,703,733
冯翊-冯翊郡,8铜,714,663
冯翊-冯翊郡,8铜,726,702
冯翊-冯翊郡,8铜,732,772
冯翊-冯翊郡,8铜,736,753
冯翊-冯翊郡,8铜,757,734
冯翊-冯翊郡,8铜,762,702
冯翊-冯翊郡,8铜,480,652
冯翊-冯翊郡,8铜,500,690
冯翊-冯翊郡,8铜,509,715
冯翊-冯翊郡,8铜,514,694
冯翊-冯翊郡,8铜,519,729
冯翊-冯翊郡,8铜,527,705
冯翊-冯翊郡,8铜,533,678
冯翊-冯翊郡,8铜,542,642
冯翊-冯翊郡,8铜,545,774
冯翊-冯翊郡,8铜,558,638
冯翊-冯翊郡,8铜,564,628
冯翊-冯翊郡,8铜,566,751
冯翊-冯翊郡,8铜,574,757
冯翊-冯翊郡,8铜,576,728
冯翊-冯翊郡,8铜,583,731
冯翊-冯翊郡,8铜,589,701
冯翊-冯翊郡,8铜,592,658
冯翊-冯翊郡,8铜,596,708
冯翊-冯翊郡,8铜,599,747
冯翊-冯翊郡,8铜,603,688
冯翊-冯翊郡,8铜,606,601
冯翊-冯翊郡,8铜,609,701
冯翊-冯翊郡,8铜,614,657
冯翊-冯翊郡,8铜,618,629
冯翊-冯翊郡,8铜,620,575
冯翊-冯翊郡,8铜,623,672
冯翊-冯翊郡,8铜,625,563
冯翊-冯翊郡,8铜,627,667
冯翊-冯翊郡,8铜,630,704
冯翊-冯翊郡,8铜,631,733
冯翊-冯翊郡,8铜,635,652
冯翊-冯翊郡,8铜,640,536
冯翊-冯翊郡,8铜,641,658
冯翊-冯翊郡,8铜,644,660
冯翊-冯翊郡,8铜,650,734
冯翊-冯翊郡,8铜,655,717
冯翊-冯翊郡,8铜,661,669
冯翊-冯翊郡,8铜,668,653
冯翊-冯翊郡,8铜,672,607
冯翊-冯翊郡,8铜,680,620
冯翊-冯翊郡,8铜,684,605
冯翊-冯翊郡,8铜,700,641
冯翊-冯翊郡,8铜,701,737
冯翊-冯翊郡,8铜,703,739
冯翊-冯翊郡,8铜,721,740
冯翊-冯翊郡,8铜,727,667
冯翊-冯翊郡,8铜,734,772
冯翊-冯翊郡,8铜,742,702
冯翊-冯翊郡,8铜,759,733
冯翊-冯翊郡,8铜,763,692
冯翊-冯翊郡,8铜,498,691
冯翊-冯翊郡,8铜,507,658
冯翊-冯翊郡,8铜,511,633
冯翊-冯翊郡,8铜,518,613
冯翊-冯翊郡,8铜,521,660
冯翊-冯翊郡,8铜,527,754
冯翊-冯翊郡,8铜,539,724
冯翊-冯翊郡,8铜,544,656
冯翊-冯翊郡,8铜,547,599
冯翊-冯翊郡,8铜,560,733
冯翊-冯翊郡,8铜,564,674
冯翊-冯翊郡,8铜,569,698
冯翊-冯翊郡,8铜,576,613
冯翊-冯翊郡,8铜,582,635
冯翊-冯翊郡,8铜,587,687
冯翊-冯翊郡,8铜,589,736
冯翊-冯翊郡,8铜,592,720
冯翊-冯翊郡,8铜,596,713
冯翊-冯翊郡,8铜,600,675
冯翊-冯翊郡,8铜,604,658
冯翊-冯翊郡,8铜,606,755
冯翊-冯翊郡,8铜,613,654
冯翊-冯翊郡,8铜,615,581
冯翊-冯翊郡,8铜,618,631
冯翊-冯翊郡,8铜,620,634
冯翊-冯翊郡,8铜,624,597
冯翊-冯翊郡,8铜,626,652
冯翊-冯翊郡,8铜,627,737
冯翊-冯翊郡,8铜,631,641
冯翊-冯翊郡,8铜,632,634
冯翊-冯翊郡,8铜,636,618
冯翊-冯翊郡,8铜,640,630
冯翊-冯翊郡,8铜,642,627
冯翊-冯翊郡,8铜,648,539
冯翊-冯翊郡,8铜,654,664
冯翊-冯翊郡,8铜,656,745
冯翊-冯翊郡,8铜,666,649
冯翊-冯翊郡,8铜,670,617
冯翊-冯翊郡,8铜,674,690
冯翊-冯翊郡,8铜,680,648
冯翊-冯翊郡,8铜,687,713
冯翊-冯翊郡,8铜,701,636
冯翊-冯翊郡,8铜,702,724
冯翊-冯翊郡,8铜,712,659
冯翊-冯翊郡,8铜,725,664
冯翊-冯翊郡,8铜,730,781
冯翊-冯翊郡,8铜,735,724
冯翊-冯翊郡,8铜,753,696
冯翊-冯翊郡,8铜,760,702
冯翊-京兆郡,10铜,573,772
冯翊-京兆郡,10铜,624,785
冯翊-京兆郡,10铜,672,839
冯翊-京兆郡,10铜,581,827
冯翊-京兆郡,10铜,634,749
冯翊-京兆郡,10铜,619,781
冯翊-京兆郡,10铜,645,780
冯翊-京兆郡,9铜,563,809
冯翊-京兆郡,9铜,592,776
冯翊-京兆郡,9铜,631,813
冯翊-京兆郡,9铜,651,774
冯翊-京兆郡,9铜,663,745
冯翊-京兆郡,9铜,674,745
冯翊-京兆郡,9铜,678,808
冯翊-京兆郡,9铜,698,785
冯翊-京兆郡,9铜,709,858
冯翊-京兆郡,9铜,724,897
冯翊-京兆郡,9铜,742,801
冯翊-京兆郡,9铜,768,868
冯翊-京兆郡,9铜,564,806
冯翊-京兆郡,9铜,599,799
冯翊-京兆郡,9铜,635,846
冯翊-京兆郡,9铜,652,803
冯翊-京兆郡,9铜,669,882
冯翊-京兆郡,9铜,677,773
冯翊-京兆郡,9铜,687,792
冯翊-京兆郡,9铜,700,864
冯翊-京兆郡,9铜,709,881
冯翊-京兆郡,9铜,725,855
冯翊-京兆郡,9铜,746,843
冯翊-京兆郡,9铜,585,812
冯翊-京兆郡,9铜,614,766
冯翊-京兆郡,9铜,645,812
冯翊-京兆郡,9铜,660,863
冯翊-京兆郡,9铜,673,809
冯翊-京兆郡,9铜,678,735
冯翊-京兆郡,9铜,687,882
冯翊-京兆郡,9铜,708,877
冯翊-京兆郡,9铜,717,814
冯翊-京兆郡,9铜,732,886
冯翊-京兆郡,9铜,762,863
冯翊-京兆郡,8铜,526,776
冯翊-京兆郡,8铜,558,794
冯翊-京兆郡,8铜,585,787
冯翊-京兆郡,8铜,601,844
冯翊-京兆郡,8铜,608,799
冯翊-京兆郡,8铜,611,829
冯翊-京兆郡,8铜,618,828
冯翊-京兆郡,8铜,625,799
冯翊-京兆郡,8铜,634,838
冯翊-京兆郡,8铜,643,817
冯翊-京兆郡,8铜,655,803
冯翊-京兆郡,8铜,657,874
冯翊-京兆郡,8铜,671,835
冯翊-京兆郡,8铜,678,890
冯翊-京兆郡,8铜,681,791
冯翊-京兆郡,8铜,683,870
冯翊-京兆郡,8铜,691,846
冯翊-京兆郡,8铜,696,873
冯翊-京兆郡,8铜,699,804
冯翊-京兆郡,8铜,705,784
冯翊-京兆郡,8铜,712,814
冯翊-京兆郡,8铜,716,835
冯翊-京兆郡,8铜,732,861
冯翊-京兆郡,8铜,734,858
冯翊-京兆郡,8铜,744,808
冯翊-京兆郡,8铜,752,820
冯翊-京兆郡,8铜,771,870
冯翊-京兆郡,8铜,543,784
冯翊-京兆郡,8铜,564,818
冯翊-京兆郡,8铜,597,829
冯翊-京兆郡,8铜,603,773
冯翊-京兆郡,8铜,608,801
冯翊-京兆郡,8铜,614,780
冯翊-京兆郡,8铜,622,815
冯翊-京兆郡,8铜,627,840
冯翊-京兆郡,8铜,637,771
冯翊-京兆郡,8铜,644,865
冯翊-京兆郡,8铜,656,823
冯翊-京兆郡,8铜,660,780
冯翊-京兆郡,8铜,672,837
冯翊-京兆郡,8铜,679,862
冯翊-京兆郡,8铜,683,822
冯翊-京兆郡,8铜,684,828
冯翊-京兆郡,8铜,693,779
冯翊-京兆郡,8铜,697,870
冯翊-京兆郡,8铜,702,816
冯翊-京兆郡,8铜,709,870
冯翊-京兆郡,8铜,713,815
冯翊-京兆郡,8铜,720,776
冯翊-京兆郡,8铜,733,817
冯翊-京兆郡,8铜,735,888
冯翊-京兆郡,8铜,746,829
冯翊-京兆郡,8铜,753,809
冯翊-京兆郡,8铜,552,804
冯翊-京兆郡,8铜,573,814
冯翊-京兆郡,8铜,599,803
冯翊-京兆郡,8铜,606,845
冯翊-京兆郡,8铜,608,835
冯翊-京兆郡,8铜,615,793
冯翊-京兆郡,8铜,623,767
冯翊-京兆郡,8铜,632,827
冯翊-京兆郡,8铜,639,804
冯翊-京兆郡,8铜,647,794
冯翊-京兆郡,8铜,656,835
冯翊-京兆郡,8铜,669,762
冯翊-京兆郡,8铜,675,845
冯翊-京兆郡,8铜,680,831
冯翊-京兆郡,8铜,683,868
冯翊-京兆郡,8铜,687,895
冯翊-京兆郡,8铜,696,800
冯翊-京兆郡,8铜,698,799
冯翊-京兆郡,8铜,702,851
冯翊-京兆郡,8铜,711,812
冯翊-京兆郡,8铜,714,857
冯翊-京兆郡,8铜,726,842
冯翊-京兆郡,8铜,734,803
冯翊-京兆郡,8铜,736,827
冯翊-京兆郡,8铜,748,841
冯翊-京兆郡,8铜,762,846
冯翊-平阳郡,10铜,508,536
冯翊-平阳郡,10铜,533,386
冯翊-平阳郡,10铜,546,381
冯翊-平阳郡,10铜,585,555
冯翊-平阳郡,10铜,592,568
冯翊-平阳郡,10铜,613,364
冯翊-平阳郡,10铜,660,501
冯翊-平阳郡,10铜,523,502
冯翊-平阳郡,10铜,535,291
冯翊-平阳郡,10铜,580,274
冯翊-平阳郡,10铜,586,362
冯翊-平阳郡,10铜,593,535
冯翊-平阳郡,10铜,620,253
冯翊-平阳郡,10铜,667,447
冯翊-平阳郡,10铜,525,572
冯翊-平阳郡,10铜,537,507
冯翊-平阳郡,10铜,584,383
冯翊-平阳郡,10铜,588,241
冯翊-平阳郡,10铜,607,283
冯翊-平阳郡,10铜,656,427
冯翊-平阳郡,9铜,515,541
冯翊-平阳郡,9铜,528,306
冯翊-平阳郡,9铜,532,332
冯翊-平阳郡,9铜,535,484
冯翊-平阳郡,9铜,539,300
冯翊-平阳郡,9铜,541,389
冯翊-平阳郡,9铜,548,556
冯翊-平阳郡,9铜,569,585
冯翊-平阳郡,9铜,577,298
冯翊-平阳郡,9铜,578,317
冯翊-平阳郡,9铜,582,354
冯翊-平阳郡,9铜,593,552
冯翊-平阳郡,9铜,596,560
冯翊-平阳郡,9铜,601,546
冯翊-平阳郡,9铜,607,242
冯翊-平阳郡,9铜,615,460
冯翊-平阳郡,9铜,620,546
冯翊-平阳郡,9铜,645,360
冯翊-平阳郡,9铜,659,403
冯翊-平阳郡,9铜,521,539
冯翊-平阳郡,9铜,531,349
冯翊-平阳郡,9铜,533,394
冯翊-平阳郡,9铜,535,541
冯翊-平阳郡,9铜,539,349
冯翊-平阳郡,9铜,545,306
冯翊-平阳郡,9铜,551,406
冯翊-平阳郡,9铜,576,407
冯翊-平阳郡,9铜,577,577
冯翊-平阳郡,9铜,580,319
冯翊-平阳郡,9铜,583,513
冯翊-平阳郡,9铜,594,400
冯翊-平阳郡,9铜,597,494
冯翊-平阳郡,9铜,604,274
冯翊-平阳郡,9铜,610,408
冯翊-平阳郡,9铜,616,437
冯翊-平阳郡,9铜,630,369
冯翊-平阳郡,9铜,650,472
冯翊-平阳郡,9铜,660,468
冯翊-平阳郡,9铜,522,280
冯翊-平阳郡,9铜,531,540
冯翊-平阳郡,9铜,534,475
冯翊-平阳郡,9铜,538,503
冯翊-平阳郡,9铜,540,318
冯翊-平阳郡,9铜,548,434
冯翊-平阳郡,9铜,555,364
冯翊-平阳郡,9铜,576,431
冯翊-平阳郡,9铜,578,310
冯翊-平阳郡,9铜,581,354
冯翊-平阳郡,9铜,592,562
冯翊-平阳郡,9铜,596,401
冯翊-平阳郡,9铜,599,388
冯翊-平阳郡,9铜,605,499
冯翊-平阳郡,9铜,614,332
冯翊-平阳郡,9铜,617,332
冯翊-平阳郡,9铜,634,427
冯翊-平阳郡,9铜,656,506
冯翊-平阳郡,9铜,663,509
冯翊-平阳郡,8铜,505,527
冯翊-平阳郡,8铜,510,562
冯翊-平阳郡,8铜,518,570
冯翊-平阳郡,8铜,522,540
冯翊-平阳郡,8铜,524,458
冯翊-平阳郡,8铜,527,495
冯翊-平阳郡,8铜,531,325
冯翊-平阳郡,8铜,536,401
冯翊-平阳郡,8铜,537,398
冯翊-平阳郡,8铜,542,414
冯翊-平阳郡,8铜,546,440
冯翊-平阳郡,8铜,547,296
冯翊-平阳郡,8铜,551,511
冯翊-平阳郡,8铜,553,421
冯翊-平阳郡,8铜,555,257
冯翊-平阳郡,8铜,560,263
冯翊-平阳郡,8铜,561,591
冯翊-平阳郡,8铜,563,507
冯翊-平阳郡,8铜,565,334
冯翊-平阳郡,8铜,567,339
冯翊-平阳郡,8铜,567,532
冯翊-平阳郡,8铜,569,343
冯翊-平阳郡,8铜,569,413
冯翊-平阳郡,8铜,570,460
冯翊-平阳郡,8铜,575,506
冯翊-平阳郡,8铜,578,554
冯翊-平阳郡,8铜,579,528
冯翊-平阳郡,8铜,582,366
冯翊-平阳郡,8铜,585,388
冯翊-平阳郡,8铜,588,320
冯翊-平阳郡,8铜,590,345
冯翊-平阳郡,8铜,594,309
冯翊-平阳郡,8铜,598,267
冯翊-平阳郡,8铜,602,574
冯翊-平阳郡,8铜,603,571
冯翊-平阳郡,8铜,606,349
冯翊-平阳郡,8铜,609,442
冯翊-平阳郡,8铜,610,266
冯翊-平阳郡,8铜,612,481
冯翊-平阳郡,8铜,614,368
冯翊-平阳郡,8铜,617,353
冯翊-平阳郡,8铜,618,243
冯翊-平阳郡,8铜,623,341
冯翊-平阳郡,8铜,625,396
冯翊-平阳郡,8铜,626,538
冯翊-平阳郡,8铜,629,453
冯翊-平阳郡,8铜,631,434
冯翊-平阳郡,8铜,636,482
冯翊-平阳郡,8铜,638,487
冯翊-平阳郡,8铜,642,387
冯翊-平阳郡,8铜,646,444
冯翊-平阳郡,8铜,647,487
冯翊-平阳郡,8铜,651,421
冯翊-平阳郡,8铜,659,420
冯翊-平阳郡,8铜,666,394
冯翊-平阳郡,8铜,671,478
冯翊-平阳郡,8铜,674,481
冯翊-平阳郡,8铜,509,538
冯翊-平阳郡,8铜,516,497
冯翊-平阳郡,8铜,519,364
冯翊-平阳郡,8铜,522,563
冯翊-平阳郡,8铜,524,559
冯翊-平阳郡,8铜,527,550
冯翊-平阳郡,8铜,534,564
冯翊-平阳郡,8铜,536,500
冯翊-平阳郡,8铜,540,431
冯翊-平阳郡,8铜,543,332
冯翊-平阳郡,8铜,546,463
冯翊-平阳郡,8铜,548,331
冯翊-平阳郡,8铜,551,573
冯翊-平阳郡,8铜,553,496
冯翊-平阳郡,8铜,555,338
冯翊-平阳郡,8铜,560,428
冯翊-平阳郡,8铜,563,285
冯翊-平阳郡,8铜,564,439
冯翊-平阳郡,8铜,565,489
冯翊-平阳郡,8铜,567,379
冯翊-平阳郡,8铜,568,465
冯翊-平阳郡,8铜,569,350
冯翊-平阳郡,8铜,570,337
冯翊-平阳郡,8铜,571,425
冯翊-平阳郡,8铜,576,455
冯翊-平阳郡,8铜,579,286
冯翊-平阳郡,8铜,580,372
冯翊-平阳郡,8铜,582,587
冯翊-平阳郡,8铜,587,547
冯翊-平阳郡,8铜,589,460
冯翊-平阳郡,8铜,591,572
冯翊-平阳郡,8铜,594,387
冯翊-平阳郡,8铜,598,501
冯翊-平阳郡,8铜,603,505
冯翊-平阳郡,8铜,604,225
冯翊-平阳郡,8铜,606,484
冯翊-平阳郡,8铜,610,243
冯翊-平阳郡,8铜,612,247
冯翊-平阳郡,8铜,612,510
冯翊-平阳郡,8铜,615,370
冯翊-平阳郡,8铜,617,434
冯翊-平阳郡,8铜,618,459
冯翊-平阳郡,8铜,621,355
冯翊-平阳郡,8铜,623,347
冯翊-平阳郡,8铜,625,411
冯翊-平阳郡,8铜,626,540
冯翊-平阳郡,8铜,629,514
冯翊-平阳郡,8铜,635,482
冯翊-平阳郡,8铜,637,406
冯翊-平阳郡,8铜,639,521
冯翊-平阳郡,8铜,642,390
冯翊-平阳郡,8铜,646,450
冯翊-平阳郡,8铜,648,436
冯翊-平阳郡,8铜,651,442
冯翊-平阳郡,8铜,660,398
冯翊-平阳郡,8铜,668,407
冯翊-平阳郡,8铜,673,393
冯翊-平阳郡,8铜,509,571
冯翊-平阳郡,8铜,518,285
冯翊-平阳郡,8铜,520,364
冯翊-平阳郡,8铜,523,499
冯翊-平阳郡,8铜,526,548
冯翊-平阳郡,8铜,529,290
冯翊-平阳郡,8铜,535,463
冯翊-平阳郡,8铜,536,580
冯翊-平阳郡,8铜,541,370
冯翊-平阳郡,8铜,543,361
冯翊-平阳郡,8铜,546,534
冯翊-平阳郡,8铜,549,359
冯翊-平阳郡,8铜,553,419
冯翊-平阳郡,8铜,553,591
冯翊-平阳郡,8铜,559,444
冯翊-平阳郡,8铜,561,500
冯翊-平阳郡,8铜,563,294
冯翊-平阳郡,8铜,565,300
冯翊-平阳郡,8铜,566,411
冯翊-平阳郡,8铜,567,455
冯翊-平阳郡,8铜,569,288
冯翊-平阳郡,8铜,569,371
冯翊-平阳郡,8铜,570,359
冯翊-平阳郡,8铜,575,340
冯翊-平阳郡,8铜,577,471
冯翊-平阳郡,8铜,579,405
冯翊-平阳郡,8铜,582,299
冯翊-平阳郡,8铜,583,449
冯翊-平阳郡,8铜,587,588
冯翊-平阳郡,8铜,589,541
冯翊-平阳郡,8铜,592,435
冯翊-平阳郡,8铜,596,518
冯翊-平阳郡,8铜,602,302
冯翊-平阳郡,8铜,603,570
冯翊-平阳郡,8铜,605,477
冯翊-平阳郡,8铜,608,533
冯翊-平阳郡,8铜,610,262
冯翊-平阳郡,8铜,612,431
冯翊-平阳郡,8铜,613,333
冯翊-平阳郡,8铜,616,256
冯翊-平阳郡,8铜,617,492
冯翊-平阳郡,8铜,620,307
冯翊-平阳郡,8铜,622,390
冯翊-平阳郡,8铜,624,399
冯翊-平阳郡,8铜,626,458
冯翊-平阳郡,8铜,627,480
冯翊-平阳郡,8铜,631,420
冯翊-平阳郡,8铜,636,432
冯翊-平阳郡,8铜,638,458
冯翊-平阳郡,8铜,640,434
冯翊-平阳郡,8铜,645,401
冯翊-平阳郡,8铜,647,387
冯翊-平阳郡,8铜,649,483
冯翊-平阳郡,8铜,657,427
冯翊-平阳郡,8铜,661,436
冯翊-平阳郡,8铜,668,472
冯翊-平阳郡,8铜,674,455
冯翊-平阳郡,8铜,621,337
冯翊-新平郡,10铜,427,771
冯翊-新平郡,10铜,458,838
冯翊-新平郡,10铜,472,824
冯翊-新平郡,10铜,434,846
冯翊-新平郡,10铜,466,835
冯翊-新平郡,10铜,505,814
冯翊-新平郡,10铜,440,802
冯翊-新平郡,10铜,467,669
冯翊-新平郡,10铜,514,749
冯翊-新平郡,9铜,391,767
冯翊-新平郡,9铜,410,850
冯翊-新平郡,9铜,423,790
冯翊-新平郡,9铜,431,839
冯翊-新平郡,9铜,448,794
冯翊-新平郡,9铜,464,666
冯翊-新平郡,9铜,468,684
冯翊-新平郡,9铜,477,694
冯翊-新平郡,9铜,485,839
冯翊-新平郡,9铜,516,800
冯翊-新平郡,9铜,406,806
冯翊-新平郡,9铜,415,804
冯翊-新平郡,9铜,424,770
冯翊-新平郡,9铜,433,797
冯翊-新平郡,9铜,451,751
冯翊-新平郡,9铜,464,716
冯翊-新平郡,9铜,469,675
冯翊-新平郡,9铜,481,677
冯翊-新平郡,9铜,487,803
冯翊-新平郡,9铜,525,803
冯翊-新平郡,9铜,410,817
冯翊-新平郡,9铜,415,806
冯翊-新平郡,9铜,431,687
冯翊-新平郡,9铜,443,880
冯翊-新平郡,9铜,454,751
冯翊-新平郡,9铜,465,664
冯翊-新平郡,9铜,473,782
冯翊-新平郡,9铜,481,849
冯翊-新平郡,9铜,504,723
冯翊-新平郡,8铜,378,821
冯翊-新平郡,8铜,390,753
冯翊-新平郡,8铜,410,847
冯翊-新平郡,8铜,419,838
冯翊-新平郡,8铜,425,759
冯翊-新平郡,8铜,428,728
冯翊-新平郡,8铜,431,815
冯翊-新平郡,8铜,434,860
冯翊-新平郡,8铜,436,841
冯翊-新平郡,8铜,444,687
冯翊-新平郡,8铜,449,797
冯翊-新平郡,8铜,452,848
冯翊-新平郡,8铜,455,822
冯翊-新平郡,8铜,460,804
冯翊-新平郡,8铜,466,708
冯翊-新平郡,8铜,469,809
冯翊-新平郡,8铜,475,784
冯翊-新平郡,8铜,481,690
冯翊-新平郡,8铜,487,751
冯翊-新平郡,8铜,494,748
冯翊-新平郡,8铜,500,706
冯翊-新平郡,8铜,501,844
冯翊-新平郡,8铜,506,749
冯翊-新平郡,8铜,521,763
冯翊-新平郡,8铜,384,825
冯翊-新平郡,8铜,391,834
冯翊-新平郡,8铜,413,762
冯翊-新平郡,8铜,420,854
冯翊-新平郡,8铜,427,754
冯翊-新平郡,8铜,428,827
冯翊-新平郡,8铜,432,746
冯翊-新平郡,8铜,436,734
冯翊-新平郡,8铜,438,702
冯翊-新平郡,8铜,445,828
冯翊-新平郡,8铜,449,831
冯翊-新平郡,8铜,453,854
冯翊-新平郡,8铜,456,722
冯翊-新平郡,8铜,460,837
冯翊-新平郡,8铜,467,854
冯翊-新平郡,8铜,471,814
冯翊-新平郡,8铜,475,827
冯翊-新平郡,8铜,482,738
冯翊-新平郡,8铜,489,768
冯翊-新平郡,8铜,499,727
冯翊-新平郡,8铜,500,749
冯翊-新平郡,8铜,502,837
冯翊-新平郡,8铜,508,807
冯翊-新平郡,8铜,526,800
冯翊-新平郡,8铜,385,840
冯翊-新平郡,8铜,409,753
冯翊-新平郡,8铜,414,731
冯翊-新平郡,8铜,423,865
冯翊-新平郡,8铜,427,872
冯翊-新平郡,8铜,430,737
冯翊-新平郡,8铜,434,775
冯翊-新平郡,8铜,436,768
冯翊-新平郡,8铜,438,812
冯翊-新平郡,8铜,448,858
冯翊-新平郡,8铜,451,798
冯翊-新平郡,8铜,455,709
冯翊-新平郡,8铜,456,851
冯翊-新平郡,8铜,462,744
冯翊-新平郡,8铜,468,786
冯翊-新平郡,8铜,472,770
冯翊-新平郡,8铜,480,737
冯翊-新平郡,8铜,484,690
冯翊-新平郡,8铜,494,690
冯翊-新平郡,8铜,499,848
冯翊-新平郡,8铜,501,783
冯翊-新平郡,8铜,506,746
冯翊-新平郡,8铜,519,803
司隶-密县,10铜,1013,775
司隶-密县,10铜,1019,781
司隶-密县,9铜,950,762
司隶-密县,9铜,966,703
司隶-密县,9铜,988,781
司隶-密县,9铜,1006,718
司隶-密县,9铜,1015,747
司隶-密县,9铜,957,771
司隶-密县,9铜,968,730
司隶-密县,9铜,993,717
司隶-密县,9铜,1013,708
司隶-密县,9铜,1025,769
司隶-密县,9铜,960,766
司隶-密县,9铜,982,725
司隶-密县,9铜,996,746
司隶-密县,9铜,1014,795
司隶-密县,9铜,1061,754
司隶-密县,8铜,936,742
司隶-密县,8铜,955,765
司隶-密县,8铜,965,705
司隶-密县,8铜,966,768
司隶-密县,8铜,973,696
司隶-密县,8铜,974,699
司隶-密县,8铜,998,789
司隶-密县,8铜,999,788
司隶-密县,8铜,1003,722
司隶-密县,8铜,1012,770
司隶-密县,8铜,1017,704
司隶-密县,8铜,1017,752
司隶-密县,8铜,1019,740
司隶-密县,8铜,1019,787
司隶-密县,8铜,1040,765
司隶-密县,8铜,1046,738
司隶-密县,8铜,1047,729
司隶-密县,8铜,1047,758
司隶-密县,8铜,1051,784
司隶-密县,8铜,1054,733
司隶-密县,8铜,1064,757
司隶-密县,8铜,1065,745
司隶-密县,8铜,1071,768
司隶-密县,8铜,1072,750
司隶-密县,8铜,959,739
司隶-密县,8铜,969,711
司隶-密县,8铜,992,719
司隶-密县,8铜,1000,776
司隶-密县,8铜,1016,774
司隶-密县,8铜,1018,776
司隶-密县,8铜,1038,766
司隶-密县,8铜,1046,761
司隶-密县,8铜,1050,748
司隶-密县,8铜,1060,750
司隶-密县,8铜,1068,741
司隶-河南尹,10铜,863,709
司隶-河南尹,10铜,884,678
司隶-河南尹,10铜,962,644
司隶-河南尹,10铜,905,737
司隶-河南尹,9铜,850,705
司隶-河南尹,9铜,879,730
司隶-河南尹,9铜,894,659
司隶-河南尹,9铜,913,727
司隶-河南尹,9铜,933,705
司隶-河南尹,9铜,976,650
司隶-河南尹,9铜,858,683
司隶-河南尹,9铜,888,752
司隶-河南尹,9铜,903,625
司隶-河南尹,9铜,915,693
司隶-河南尹,9铜,941,698
司隶-河南尹,9铜,976,684
司隶-河南尹,9铜,860,732
司隶-河南尹,9铜,893,695
司隶-河南尹,9铜,904,712
司隶-河南尹,9铜,918,679
司隶-河南尹,9铜,948,680
司隶-河南尹,9铜,980,681
司隶-河南尹,8铜,855,718
司隶-河南尹,8铜,860,719
司隶-河南尹,8铜,878,746
司隶-河南尹,8铜,886,670
司隶-河南尹,8铜,902,713
司隶-河南尹,8铜,907,713
司隶-河南尹,8铜,920,726
司隶-河南尹,8铜,928,656
司隶-河南尹,8铜,938,614
司隶-河南尹,8铜,943,637
司隶-河南尹,8铜,951,679
司隶-河南尹,8铜,979,653
司隶-河南尹,8铜,856,726
司隶-河南尹,8铜,863,746
司隶-河南尹,8铜,881,742
司隶-河南尹,8铜,897,720
司隶-河南尹,8铜,905,613
司隶-河南尹,8铜,907,753
司隶-河南尹,8铜,925,643
司隶-河南尹,8铜,930,651
司隶-河南尹,8铜,939,690
司隶-河南尹,8铜,945,678
司隶-河南尹,8铜,968,641
司隶-河南尹,8铜,986,674
司隶-河南尹,8铜,857,705
司隶-河南尹,8铜,869,697
司隶-河南尹,8铜,884,709
司隶-河南尹,8铜,901,625
司隶-河南尹,8铜,907,634
司隶-河南尹,8铜,908,747
司隶-河南尹,8铜,925,668
司隶-河南尹,8铜,931,674
司隶-河南尹,8铜,939,715
司隶-河南尹,8铜,950,647
司隶-河南尹,8铜,974,677
司隶-河南尹,8铜,989,693
司隶-梁县,10铜,864,848
司隶-梁县,10铜,888,823
司隶-梁县,10铜,927,832
司隶-梁县,10铜,869,758
司隶-梁县,10铜,898,780
司隶-梁县,10铜,950,805
司隶-梁县,10铜,876,777
司隶-梁县,10铜,908,774
司隶-梁县,9铜,799,853
司隶-梁县,9铜,860,861
司隶-梁县,9铜,866,844
司隶-梁县,9铜,875,797
司隶-梁县,9铜,897,777
司隶-梁县,9铜,918,817
司隶-梁县,9铜,923,749
司隶-梁县,9铜,931,853
司隶-梁县,9铜,832,876
司隶-梁县,9铜,865,833
司隶-梁县,9铜,866,865
司隶-梁县,9铜,879,818
司隶-梁县,9铜,908,796
司隶-梁县,9铜,920,868
司隶-梁县,9铜,924,869
司隶-梁县,9铜,957,801
司隶-梁县,9铜,841,871
司隶-梁县,9铜,865,854
司隶-梁县,9铜,872,851
司隶-梁县,9铜,886,762
司隶-梁县,9铜,909,783
司隶-梁县,9铜,920,870
司隶-梁县,9铜,930,838
司隶-梁县,8铜,837,868
司隶-梁县,8铜,840,866
司隶-梁县,8铜,848,822
司隶-梁县,8铜,868,862
司隶-梁县,8铜,877,815
司隶-梁县,8铜,896,795
司隶-梁县,8铜,898,825
司隶-梁县,8铜,912,796
司隶-梁县,8铜,917,862
司隶-梁县,8铜,922,826
司隶-梁县,8铜,933,866
司隶-梁县,8铜,946,775
司隶-梁县,8铜,838,874
司隶-梁县,8铜,841,866
司隶-梁县,8铜,848,864
司隶-梁县,8铜,872,763
司隶-梁县,8铜,890,796
司隶-梁县,8铜,896,806
司隶-梁县,8铜,906,853
司隶-梁县,8铜,914,775
司隶-梁县,8铜,921,773
司隶-梁县,8铜,928,770
司隶-梁县,8铜,934,841
司隶-梁县,8铜,949,845
司隶-梁县,8铜,839,828
司隶-梁县,8铜,847,834
司隶-梁县,8铜,851,854
司隶-梁县,8铜,873,815
司隶-梁县,8铜,892,864
司隶-梁县,8铜,898,784
司隶-梁县,8铜,908,786
司隶-梁县,8铜,916,823
司隶-梁县,8铜,921,811
司隶-梁县,8铜,928,809
司隶-梁县,8铜,946,765
司隶-梁县,8铜,954,838
司隶-梁县,8铜,955,786
司隶-梁县,8铜,956,835
司隶-梁县,8铜,958,819
司隶-梁县,8铜,964,789
司隶-河内郡,10铜,782,594
司隶-河内郡,10铜,813,615
司隶-河内郡,10铜,847,614
司隶-河内郡,9铜,759,584
司隶-河内郡,9铜,799,613
司隶-河内郡,9铜,816,611
司隶-河内郡,9铜,827,661
司隶-河内郡,9铜,779,588
司隶-河内郡,9铜,800,603
司隶-河内郡,9铜,819,639
司隶-河内郡,9铜,841,601
司隶-河内郡,9铜,786,599
司隶-河内郡,9铜,803,602
司隶-河内郡,9铜,823,638
司隶-河内郡,9铜,851,666
司隶-河内郡,8铜,777,609
司隶-河内郡,8铜,785,596
司隶-河内郡,8铜,788,633
司隶-河内郡,8铜,790,610
司隶-河内郡,8铜,799,609
司隶-河内郡,8铜,805,577
司隶-河内郡,8铜,814,632
司隶-河内郡,8铜,824,594
司隶-河内郡,8铜,831,654
司隶-河内郡,8铜,836,577
司隶-河内郡,8铜,842,571
司隶-河内郡,8铜,843,602
司隶-河内郡,8铜,847,579
司隶-河内郡,8铜,855,606
司隶-河内郡,8铜,868,607
司隶-河内郡,8铜,874,623
司隶-河内郡,8铜,784,587
司隶-河内郡,8铜,786,589
司隶-河内郡,8铜,789,642
司隶-河内郡,8铜,792,590
司隶-河内郡,8铜,800,562
司隶-河内郡,8铜,807,650
司隶-河内郡,8铜,817,667
司隶-河内郡,8铜,831,540
司隶-河内郡,8铜,833,595
司隶-河内郡,8铜,838,665
司隶-河内郡,8铜,842,630
司隶-河内郡,8铜,844,610
司隶-河内郡,8铜,849,582
司隶-河内郡,8铜,855,624
司隶-河内郡,8铜,871,632
司隶-河内郡,8铜,874,625
司隶-河内郡,8铜,784,608
司隶-河内郡,8铜,786,617
司隶-河内郡,8铜,789,649
司隶-河内郡,8铜,795,580
司隶-河内郡,8铜,801,562
司隶-河内郡,8铜,813,582
司隶-河内郡,8铜,823,572
司隶-河内郡,8铜,831,608
司隶-河内郡,8铜,835,677
司隶-河内郡,8铜,839,644
司隶-河内郡,8铜,843,589
司隶-河内郡,8铜,844,625
司隶-河内郡,8铜,852,644
司隶-河内郡,8铜,863,631
司隶-河内郡,8铜,873,661
司隶-河内郡,8铜,889,634
司隶-弘农郡,10铜,772,660
司隶-弘农郡,10铜,804,806
司隶-弘农郡,10铜,785,837
司隶-弘农郡,10铜,842,767
司隶-弘农郡,10铜,786,795
司隶-弘农郡,9铜,764,797
司隶-弘农郡,9铜,774,825
司隶-弘农郡,9铜,781,681
司隶-弘农郡,9铜,803,826
司隶-弘农郡,9铜,824,821
司隶-弘农郡,9铜,843,757
司隶-弘农郡,9铜,765,794
司隶-弘农郡,9铜,775,662
司隶-弘农郡,9铜,782,796
司隶-弘农郡,9铜,805,808
司隶-弘农郡,9铜,828,777
司隶-弘农郡,9铜,857,804
司隶-弘农郡,9铜,771,776
司隶-弘农郡,9铜,776,778
司隶-弘农郡,9铜,791,727
司隶-弘农郡,9铜,814,799
司隶-弘农郡,9铜,835,777
司隶-弘农郡,9铜,865,810
司隶-弘农郡,8铜,759,798
司隶-弘农郡,8铜,769,807
司隶-弘农郡,8铜,773,686
司隶-弘农郡,8铜,776,806
司隶-弘农郡,8铜,784,688
司隶-弘农郡,8铜,790,700
司隶-弘农郡,8铜,792,844
司隶-弘农郡,8铜,796,666
司隶-弘农郡,8铜,800,700
司隶-弘农郡,8铜,803,691
司隶-弘农郡,8铜,806,775
司隶-弘农郡,8铜,812,704
司隶-弘农郡,8铜,817,741
司隶-弘农郡,8铜,821,744
司隶-弘农郡,8铜,823,759
司隶-弘农郡,8铜,837,763
司隶-弘农郡,8铜,842,735
司隶-弘农郡,8铜,853,783
司隶-弘农郡,8铜,764,679
司隶-弘农郡,8铜,771,791
司隶-弘农郡,8铜,774,817
司隶-弘农郡,8铜,777,825
司隶-弘农郡,8铜,785,712
司隶-弘农郡,8铜,790,808
司隶-弘农郡,8铜,793,738
司隶-弘农郡,8铜,797,723
司隶-弘农郡,8铜,800,717
司隶-弘农郡,8铜,805,727
司隶-弘农郡,8铜,809,720
司隶-弘农郡,8铜,816,830
司隶-弘农郡,8铜,819,801
司隶-弘农郡,8铜,822,751
司隶-弘农郡,8铜,823,819
司隶-弘农郡,8铜,839,722
司隶-弘农郡,8铜,843,722
司隶-弘农郡,8铜,867,795
司隶-弘农郡,8铜,765,808
司隶-弘农郡,8铜,773,664
司隶-弘农郡,8铜,775,674
司隶-弘农郡,8铜,783,690
司隶-弘农郡,8铜,787,800
司隶-弘农郡,8铜,791,769
司隶-弘农郡,8铜,795,663
司隶-弘农郡,8铜,798,668
司隶-弘农郡,8铜,802,788
司隶-弘农郡,8铜,806,703
司隶-弘农郡,8铜,811,724
司隶-弘农郡,8铜,817,713
司隶-弘农郡,8铜,821,707
司隶-弘农郡,8铜,823,699
司隶-弘农郡,8铜,830,760
司隶-弘农郡,8铜,839,742
司隶-弘农郡,8铜,848,770
